# nccl-tests version 2.18.5 nccl-headers=22803 nccl-library=22803
# Collective test starting: all_reduce_perf
# nThread 1 nGpus 1 minBytes 8 maxBytes 17179869184 step: 2(factor) warmup iters: 1 iters: 20 agg iters: 1 validation: 1 graph: 0 unalign: 0
#
# Using devices
#  Rank  0 Group  0 Pid  24419 on ip-10-42-20-111 device  0 [0000:53:00] NVIDIA H200
#  Rank  1 Group  0 Pid  24420 on ip-10-42-20-111 device  1 [0000:64:00] NVIDIA H200
#  Rank  2 Group  0 Pid  24421 on ip-10-42-20-111 device  2 [0000:75:00] NVIDIA H200
#  Rank  3 Group  0 Pid  24422 on ip-10-42-20-111 device  3 [0000:86:00] NVIDIA H200
#  Rank  4 Group  0 Pid  24423 on ip-10-42-20-111 device  4 [0000:97:00] NVIDIA H200
#  Rank  5 Group  0 Pid  24424 on ip-10-42-20-111 device  5 [0000:a8:00] NVIDIA H200
#  Rank  6 Group  0 Pid  24425 on ip-10-42-20-111 device  6 [0000:b9:00] NVIDIA H200
#  Rank  7 Group  0 Pid  24426 on ip-10-42-20-111 device  7 [0000:ca:00] NVIDIA H200
#  Rank  8 Group  0 Pid  24781 on ip-10-42-20-223 device  0 [0000:53:00] NVIDIA H200
#  Rank  9 Group  0 Pid  24782 on ip-10-42-20-223 device  1 [0000:64:00] NVIDIA H200
#  Rank 10 Group  0 Pid  24783 on ip-10-42-20-223 device  2 [0000:75:00] NVIDIA H200
#  Rank 11 Group  0 Pid  24784 on ip-10-42-20-223 device  3 [0000:86:00] NVIDIA H200
#  Rank 12 Group  0 Pid  24785 on ip-10-42-20-223 device  4 [0000:97:00] NVIDIA H200
#  Rank 13 Group  0 Pid  24786 on ip-10-42-20-223 device  5 [0000:a8:00] NVIDIA H200
#  Rank 14 Group  0 Pid  24787 on ip-10-42-20-223 device  6 [0000:b9:00] NVIDIA H200
#  Rank 15 Group  0 Pid  24788 on ip-10-42-20-223 device  7 [0000:ca:00] NVIDIA H200
ip-10-42-20-111:24419:24419 [0] NCCL INFO Bootstrap: Using enp107s0:10.42.20.111<0>
ip-10-42-20-111:24419:24419 [0] NCCL INFO cudaDriverVersion 13000
ip-10-42-20-111:24419:24419 [0] NCCL INFO NCCL version 2.28.3+cuda12.9
ip-10-42-20-111:24419:24419 [0] NCCL INFO Comm config nvlinkCentricSched set to 1
ip-10-42-20-111:24424:24424 [5] NCCL INFO cudaDriverVersion 13000
ip-10-42-20-111:24424:24424 [5] NCCL INFO Bootstrap: Using enp107s0:10.42.20.111<0>
ip-10-42-20-111:24424:24424 [5] NCCL INFO NCCL version 2.28.3+cuda12.9
ip-10-42-20-111:24424:24424 [5] NCCL INFO Comm config nvlinkCentricSched set to 1
ip-10-42-20-111:24421:24421 [2] NCCL INFO cudaDriverVersion 13000
ip-10-42-20-111:24421:24421 [2] NCCL INFO Bootstrap: Using enp107s0:10.42.20.111<0>
ip-10-42-20-111:24421:24421 [2] NCCL INFO NCCL version 2.28.3+cuda12.9
ip-10-42-20-111:24422:24422 [3] NCCL INFO cudaDriverVersion 13000
ip-10-42-20-111:24421:24421 [2] NCCL INFO Comm config nvlinkCentricSched set to 1
ip-10-42-20-111:24422:24422 [3] NCCL INFO Bootstrap: Using enp107s0:10.42.20.111<0>
ip-10-42-20-111:24422:24422 [3] NCCL INFO NCCL version 2.28.3+cuda12.9
ip-10-42-20-111:24420:24420 [1] NCCL INFO cudaDriverVersion 13000
ip-10-42-20-111:24420:24420 [1] NCCL INFO Bootstrap: Using enp107s0:10.42.20.111<0>
ip-10-42-20-111:24420:24420 [1] NCCL INFO NCCL version 2.28.3+cuda12.9
ip-10-42-20-111:24422:24422 [3] NCCL INFO Comm config nvlinkCentricSched set to 1
ip-10-42-20-111:24420:24420 [1] NCCL INFO Comm config nvlinkCentricSched set to 1
ip-10-42-20-223:24785:24785 [4] NCCL INFO cudaDriverVersion 13000
ip-10-42-20-223:24785:24785 [4] NCCL INFO Bootstrap: Using enp108s0:10.42.20.223<0>
ip-10-42-20-223:24785:24785 [4] NCCL INFO NCCL version 2.28.3+cuda12.9
ip-10-42-20-223:24785:24785 [4] NCCL INFO Comm config nvlinkCentricSched set to 1
ip-10-42-20-111:24426:24426 [7] NCCL INFO cudaDriverVersion 13000
ip-10-42-20-111:24425:24425 [6] NCCL INFO cudaDriverVersion 13000
ip-10-42-20-111:24425:24425 [6] NCCL INFO Bootstrap: Using enp107s0:10.42.20.111<0>
ip-10-42-20-111:24425:24425 [6] NCCL INFO NCCL version 2.28.3+cuda12.9
ip-10-42-20-111:24426:24426 [7] NCCL INFO Bootstrap: Using enp107s0:10.42.20.111<0>
ip-10-42-20-111:24426:24426 [7] NCCL INFO NCCL version 2.28.3+cuda12.9
ip-10-42-20-111:24423:24423 [4] NCCL INFO cudaDriverVersion 13000
ip-10-42-20-111:24423:24423 [4] NCCL INFO Bootstrap: Using enp107s0:10.42.20.111<0>
ip-10-42-20-111:24423:24423 [4] NCCL INFO NCCL version 2.28.3+cuda12.9
ip-10-42-20-111:24425:24425 [6] NCCL INFO Comm config nvlinkCentricSched set to 1
ip-10-42-20-111:24426:24426 [7] NCCL INFO Comm config nvlinkCentricSched set to 1
ip-10-42-20-111:24423:24423 [4] NCCL INFO Comm config nvlinkCentricSched set to 1
ip-10-42-20-223:24781:24781 [0] NCCL INFO cudaDriverVersion 13000
ip-10-42-20-223:24781:24781 [0] NCCL INFO Bootstrap: Using enp108s0:10.42.20.223<0>
ip-10-42-20-223:24781:24781 [0] NCCL INFO NCCL version 2.28.3+cuda12.9
ip-10-42-20-223:24781:24781 [0] NCCL INFO Comm config nvlinkCentricSched set to 1
ip-10-42-20-223:24784:24784 [3] NCCL INFO cudaDriverVersion 13000
ip-10-42-20-223:24784:24784 [3] NCCL INFO Bootstrap: Using enp108s0:10.42.20.223<0>
ip-10-42-20-223:24784:24784 [3] NCCL INFO NCCL version 2.28.3+cuda12.9
ip-10-42-20-223:24784:24784 [3] NCCL INFO Comm config nvlinkCentricSched set to 1
ip-10-42-20-223:24787:24787 [6] NCCL INFO cudaDriverVersion 13000
ip-10-42-20-223:24787:24787 [6] NCCL INFO Bootstrap: Using enp108s0:10.42.20.223<0>
ip-10-42-20-223:24787:24787 [6] NCCL INFO NCCL version 2.28.3+cuda12.9
ip-10-42-20-223:24787:24787 [6] NCCL INFO Comm config nvlinkCentricSched set to 1
ip-10-42-20-223:24783:24783 [2] NCCL INFO cudaDriverVersion 13000
ip-10-42-20-223:24783:24783 [2] NCCL INFO Bootstrap: Using enp108s0:10.42.20.223<0>
ip-10-42-20-223:24783:24783 [2] NCCL INFO NCCL version 2.28.3+cuda12.9
ip-10-42-20-223:24783:24783 [2] NCCL INFO Comm config nvlinkCentricSched set to 1
ip-10-42-20-223:24786:24786 [5] NCCL INFO cudaDriverVersion 13000
ip-10-42-20-223:24786:24786 [5] NCCL INFO Bootstrap: Using enp108s0:10.42.20.223<0>
ip-10-42-20-223:24786:24786 [5] NCCL INFO NCCL version 2.28.3+cuda12.9
ip-10-42-20-223:24786:24786 [5] NCCL INFO Comm config nvlinkCentricSched set to 1
ip-10-42-20-223:24788:24788 [7] NCCL INFO cudaDriverVersion 13000
ip-10-42-20-223:24788:24788 [7] NCCL INFO Bootstrap: Using enp108s0:10.42.20.223<0>
ip-10-42-20-223:24788:24788 [7] NCCL INFO NCCL version 2.28.3+cuda12.9
ip-10-42-20-223:24788:24788 [7] NCCL INFO Comm config nvlinkCentricSched set to 1
ip-10-42-20-223:24785:24785 [4] NCCL INFO NET/Plugin: Loaded net plugin Libfabric (v11)
ip-10-42-20-223:24785:24785 [4] NCCL INFO Successfully loaded external network plugin /opt/amazon/ofi-nccl/lib/libnccl-net.so
ip-10-42-20-223:24785:24785 [4] NCCL INFO NET/OFI Initializing aws-ofi-nccl 1.18.0
ip-10-42-20-223:24785:24785 [4] NCCL INFO NET/OFI Using Libfabric version 2.4
ip-10-42-20-223:24785:24785 [4] NCCL INFO NET/OFI Using CUDA driver version 13000 with runtime 12090
ip-10-42-20-223:24782:24782 [1] NCCL INFO cudaDriverVersion 13000
ip-10-42-20-223:24782:24782 [1] NCCL INFO Bootstrap: Using enp108s0:10.42.20.223<0>
ip-10-42-20-223:24782:24782 [1] NCCL INFO NCCL version 2.28.3+cuda12.9
ip-10-42-20-223:24782:24782 [1] NCCL INFO Comm config nvlinkCentricSched set to 1
ip-10-42-20-223:24781:24781 [0] NCCL INFO NET/Plugin: Loaded net plugin Libfabric (v11)
ip-10-42-20-223:24781:24781 [0] NCCL INFO Successfully loaded external network plugin /opt/amazon/ofi-nccl/lib/libnccl-net.so
ip-10-42-20-223:24781:24781 [0] NCCL INFO NET/OFI Initializing aws-ofi-nccl 1.18.0
ip-10-42-20-223:24781:24781 [0] NCCL INFO NET/OFI Using Libfabric version 2.4
ip-10-42-20-223:24781:24781 [0] NCCL INFO NET/OFI Using CUDA driver version 13000 with runtime 12090
ip-10-42-20-223:24784:24784 [3] NCCL INFO NET/Plugin: Loaded net plugin Libfabric (v11)
ip-10-42-20-223:24784:24784 [3] NCCL INFO Successfully loaded external network plugin /opt/amazon/ofi-nccl/lib/libnccl-net.so
ip-10-42-20-223:24784:24784 [3] NCCL INFO NET/OFI Initializing aws-ofi-nccl 1.18.0
ip-10-42-20-223:24784:24784 [3] NCCL INFO NET/OFI Using Libfabric version 2.4
ip-10-42-20-223:24784:24784 [3] NCCL INFO NET/OFI Using CUDA driver version 13000 with runtime 12090
ip-10-42-20-223:24787:24787 [6] NCCL INFO NET/Plugin: Loaded net plugin Libfabric (v11)
ip-10-42-20-223:24787:24787 [6] NCCL INFO Successfully loaded external network plugin /opt/amazon/ofi-nccl/lib/libnccl-net.so
ip-10-42-20-223:24787:24787 [6] NCCL INFO NET/OFI Initializing aws-ofi-nccl 1.18.0
ip-10-42-20-223:24787:24787 [6] NCCL INFO NET/OFI Using Libfabric version 2.4
ip-10-42-20-223:24787:24787 [6] NCCL INFO NET/OFI Using CUDA driver version 13000 with runtime 12090
ip-10-42-20-223:24783:24783 [2] NCCL INFO NET/Plugin: Loaded net plugin Libfabric (v11)
ip-10-42-20-223:24783:24783 [2] NCCL INFO Successfully loaded external network plugin /opt/amazon/ofi-nccl/lib/libnccl-net.so
ip-10-42-20-223:24783:24783 [2] NCCL INFO NET/OFI Initializing aws-ofi-nccl 1.18.0
ip-10-42-20-223:24783:24783 [2] NCCL INFO NET/OFI Using Libfabric version 2.4
ip-10-42-20-223:24783:24783 [2] NCCL INFO NET/OFI Using CUDA driver version 13000 with runtime 12090
ip-10-42-20-223:24786:24786 [5] NCCL INFO NET/Plugin: Loaded net plugin Libfabric (v11)
ip-10-42-20-223:24786:24786 [5] NCCL INFO Successfully loaded external network plugin /opt/amazon/ofi-nccl/lib/libnccl-net.so
ip-10-42-20-223:24786:24786 [5] NCCL INFO NET/OFI Initializing aws-ofi-nccl 1.18.0
ip-10-42-20-223:24786:24786 [5] NCCL INFO NET/OFI Using Libfabric version 2.4
ip-10-42-20-223:24786:24786 [5] NCCL INFO NET/OFI Using CUDA driver version 13000 with runtime 12090
ip-10-42-20-223:24785:24785 [4] NCCL INFO NET/OFI Plugin selected platform: AWS
ip-10-42-20-223:24785:24785 [4] NCCL INFO NET/OFI Configuring AWS-specific options
ip-10-42-20-223:24785:24785 [4] NCCL INFO NET/OFI Internode latency set at 75.0 us
ip-10-42-20-223:24785:24785 [4] NCCL INFO NET/OFI Using transport protocol RDMA (platform set)
ip-10-42-20-223:24785:24785 [4] NCCL INFO NET/OFI Selected provider is efa, fabric is efa-direct (found 32 nics)
ip-10-42-20-223:24785:24785 [4] NCCL INFO NET/OFI NIC group 0 device #0 0000:74:00.0
ip-10-42-20-223:24785:24785 [4] NCCL INFO NET/OFI NIC group 0 device #1 0000:73:00.0
ip-10-42-20-223:24785:24785 [4] NCCL INFO NET/OFI NIC group 0 device #2 0000:72:00.0
ip-10-42-20-223:24785:24785 [4] NCCL INFO NET/OFI NIC group 0 device #3 0000:71:00.0
ip-10-42-20-223:24785:24785 [4] NCCL INFO NET/OFI NIC group 1 device #0 0000:85:00.0
ip-10-42-20-223:24785:24785 [4] NCCL INFO NET/OFI NIC group 1 device #1 0000:84:00.0
ip-10-42-20-223:24785:24785 [4] NCCL INFO NET/OFI NIC group 1 device #2 0000:83:00.0
ip-10-42-20-223:24785:24785 [4] NCCL INFO NET/OFI NIC group 1 device #3 0000:82:00.0
ip-10-42-20-223:24785:24785 [4] NCCL INFO NET/OFI NIC group 2 device #0 0000:52:00.0
ip-10-42-20-223:24785:24785 [4] NCCL INFO NET/OFI NIC group 2 device #1 0000:51:00.0
ip-10-42-20-223:24785:24785 [4] NCCL INFO NET/OFI NIC group 2 device #2 0000:50:00.0
ip-10-42-20-223:24785:24785 [4] NCCL INFO NET/OFI NIC group 2 device #3 0000:4f:00.0
ip-10-42-20-223:24785:24785 [4] NCCL INFO NET/OFI NIC group 3 device #0 0000:63:00.0
ip-10-42-20-223:24785:24785 [4] NCCL INFO NET/OFI NIC group 3 device #1 0000:62:00.0
ip-10-42-20-223:24785:24785 [4] NCCL INFO NET/OFI NIC group 3 device #2 0000:61:00.0
ip-10-42-20-223:24785:24785 [4] NCCL INFO NET/OFI NIC group 3 device #3 0000:60:00.0
ip-10-42-20-223:24785:24785 [4] NCCL INFO NET/OFI NIC group 4 device #0 0000:b8:00.0
ip-10-42-20-223:24785:24785 [4] NCCL INFO NET/OFI NIC group 4 device #1 0000:b7:00.0
ip-10-42-20-223:24785:24785 [4] NCCL INFO NET/OFI NIC group 4 device #2 0000:b6:00.0
ip-10-42-20-223:24785:24785 [4] NCCL INFO NET/OFI NIC group 4 device #3 0000:b5:00.0
ip-10-42-20-223:24785:24785 [4] NCCL INFO NET/OFI NIC group 5 device #0 0000:c9:00.0
ip-10-42-20-223:24785:24785 [4] NCCL INFO NET/OFI NIC group 5 device #1 0000:c8:00.0
ip-10-42-20-223:24785:24785 [4] NCCL INFO NET/OFI NIC group 5 device #2 0000:c7:00.0
ip-10-42-20-223:24785:24785 [4] NCCL INFO NET/OFI NIC group 5 device #3 0000:c6:00.0
ip-10-42-20-223:24785:24785 [4] NCCL INFO NET/OFI NIC group 6 device #0 0000:96:00.0
ip-10-42-20-223:24785:24785 [4] NCCL INFO NET/OFI NIC group 6 device #1 0000:95:00.0
ip-10-42-20-223:24785:24785 [4] NCCL INFO NET/OFI NIC group 6 device #2 0000:94:00.0
ip-10-42-20-223:24785:24785 [4] NCCL INFO NET/OFI NIC group 6 device #3 0000:93:00.0
ip-10-42-20-223:24785:24785 [4] NCCL INFO NET/OFI NIC group 7 device #0 0000:a7:00.0
ip-10-42-20-223:24785:24785 [4] NCCL INFO NET/OFI NIC group 7 device #1 0000:a6:00.0
ip-10-42-20-223:24785:24785 [4] NCCL INFO NET/OFI NIC group 7 device #2 0000:a5:00.0
ip-10-42-20-223:24785:24785 [4] NCCL INFO NET/OFI NIC group 7 device #3 0000:a4:00.0
ip-10-42-20-223:24785:24785 [4] NCCL INFO NET/OFI GUID of rdmap116s0: 01f95e9300004a01
ip-10-42-20-223:24785:24785 [4] NCCL INFO NET/OFI GUID for dev[0]: 00000000000000000a2a14df00000000
ip-10-42-20-223:24785:24785 [4] NCCL INFO NET/OFI GUID of rdmap133s0: b786390c00005d00
ip-10-42-20-223:24785:24785 [4] NCCL INFO NET/OFI GUID for dev[1]: 00000000000000000a2a14df00000001
ip-10-42-20-223:24785:24785 [4] NCCL INFO NET/OFI GUID of rdmap82s0: cd9f0a9f00000900
ip-10-42-20-223:24785:24785 [4] NCCL INFO NET/OFI GUID for dev[2]: 00000000000000000a2a14df00000002
ip-10-42-20-223:24785:24785 [4] NCCL INFO NET/OFI GUID of rdmap99s0: 833abf9900001c01
ip-10-42-20-223:24785:24785 [4] NCCL INFO NET/OFI GUID for dev[3]: 00000000000000000a2a14df00000003
ip-10-42-20-223:24785:24785 [4] NCCL INFO NET/OFI GUID of rdmap184s0: 4d8a06670000be00
ip-10-42-20-223:24785:24785 [4] NCCL INFO NET/OFI GUID for dev[4]: 00000000000000000a2a14df00000004
ip-10-42-20-223:24785:24785 [4] NCCL INFO NET/OFI GUID of rdmap201s0: a94f539e0000d601
ip-10-42-20-223:24785:24785 [4] NCCL INFO NET/OFI GUID for dev[5]: 00000000000000000a2a14df00000005
ip-10-42-20-223:24788:24788 [7] NCCL INFO NET/Plugin: Loaded net plugin Libfabric (v11)
ip-10-42-20-223:24788:24788 [7] NCCL INFO Successfully loaded external network plugin /opt/amazon/ofi-nccl/lib/libnccl-net.so
ip-10-42-20-223:24788:24788 [7] NCCL INFO NET/OFI Initializing aws-ofi-nccl 1.18.0
ip-10-42-20-223:24788:24788 [7] NCCL INFO NET/OFI Using Libfabric version 2.4
ip-10-42-20-223:24788:24788 [7] NCCL INFO NET/OFI Using CUDA driver version 13000 with runtime 12090
ip-10-42-20-223:24785:24785 [4] NCCL INFO NET/OFI GUID of rdmap150s0: 69c5522100008301
ip-10-42-20-223:24785:24785 [4] NCCL INFO NET/OFI GUID for dev[6]: 00000000000000000a2a14df00000006
ip-10-42-20-223:24785:24785 [4] NCCL INFO NET/OFI GUID of rdmap167s0: 69635b4100009b01
ip-10-42-20-223:24785:24785 [4] NCCL INFO NET/OFI GUID for dev[7]: 00000000000000000a2a14df00000007
ip-10-42-20-223:24782:24782 [1] NCCL INFO NET/Plugin: Loaded net plugin Libfabric (v11)
ip-10-42-20-223:24782:24782 [1] NCCL INFO Successfully loaded external network plugin /opt/amazon/ofi-nccl/lib/libnccl-net.so
ip-10-42-20-223:24782:24782 [1] NCCL INFO NET/OFI Initializing aws-ofi-nccl 1.18.0
ip-10-42-20-223:24782:24782 [1] NCCL INFO NET/OFI Using Libfabric version 2.4
ip-10-42-20-223:24782:24782 [1] NCCL INFO NET/OFI Using CUDA driver version 13000 with runtime 12090
ip-10-42-20-223:24785:24785 [4] NCCL INFO NET/OFI Support for global registrations: true
ip-10-42-20-223:24785:24785 [4] NCCL INFO NET/OFI Support for DMA-BUF registrations: false
ip-10-42-20-223:24781:24781 [0] NCCL INFO NET/OFI Plugin selected platform: AWS
ip-10-42-20-223:24781:24781 [0] NCCL INFO NET/OFI Configuring AWS-specific options
ip-10-42-20-223:24781:24781 [0] NCCL INFO NET/OFI Internode latency set at 75.0 us
ip-10-42-20-223:24781:24781 [0] NCCL INFO NET/OFI Using transport protocol RDMA (platform set)
ip-10-42-20-223:24781:24781 [0] NCCL INFO NET/OFI Selected provider is efa, fabric is efa-direct (found 32 nics)
ip-10-42-20-223:24781:24781 [0] NCCL INFO NET/OFI NIC group 0 device #0 0000:74:00.0
ip-10-42-20-223:24781:24781 [0] NCCL INFO NET/OFI NIC group 0 device #1 0000:73:00.0
ip-10-42-20-223:24781:24781 [0] NCCL INFO NET/OFI NIC group 0 device #2 0000:72:00.0
ip-10-42-20-223:24781:24781 [0] NCCL INFO NET/OFI NIC group 0 device #3 0000:71:00.0
ip-10-42-20-223:24781:24781 [0] NCCL INFO NET/OFI NIC group 1 device #0 0000:85:00.0
ip-10-42-20-223:24781:24781 [0] NCCL INFO NET/OFI NIC group 1 device #1 0000:84:00.0
ip-10-42-20-223:24781:24781 [0] NCCL INFO NET/OFI NIC group 1 device #2 0000:83:00.0
ip-10-42-20-223:24781:24781 [0] NCCL INFO NET/OFI NIC group 1 device #3 0000:82:00.0
ip-10-42-20-223:24781:24781 [0] NCCL INFO NET/OFI NIC group 2 device #0 0000:52:00.0
ip-10-42-20-223:24781:24781 [0] NCCL INFO NET/OFI NIC group 2 device #1 0000:51:00.0
ip-10-42-20-223:24781:24781 [0] NCCL INFO NET/OFI NIC group 2 device #2 0000:50:00.0
ip-10-42-20-223:24781:24781 [0] NCCL INFO NET/OFI NIC group 2 device #3 0000:4f:00.0
ip-10-42-20-223:24781:24781 [0] NCCL INFO NET/OFI NIC group 3 device #0 0000:63:00.0
ip-10-42-20-223:24781:24781 [0] NCCL INFO NET/OFI NIC group 3 device #1 0000:62:00.0
ip-10-42-20-223:24781:24781 [0] NCCL INFO NET/OFI NIC group 3 device #2 0000:61:00.0
ip-10-42-20-223:24781:24781 [0] NCCL INFO NET/OFI NIC group 3 device #3 0000:60:00.0
ip-10-42-20-223:24781:24781 [0] NCCL INFO NET/OFI NIC group 4 device #0 0000:b8:00.0
ip-10-42-20-223:24781:24781 [0] NCCL INFO NET/OFI NIC group 4 device #1 0000:b7:00.0
ip-10-42-20-223:24781:24781 [0] NCCL INFO NET/OFI NIC group 4 device #2 0000:b6:00.0
ip-10-42-20-223:24781:24781 [0] NCCL INFO NET/OFI NIC group 4 device #3 0000:b5:00.0
ip-10-42-20-223:24781:24781 [0] NCCL INFO NET/OFI NIC group 5 device #0 0000:c9:00.0
ip-10-42-20-223:24781:24781 [0] NCCL INFO NET/OFI NIC group 5 device #1 0000:c8:00.0
ip-10-42-20-223:24781:24781 [0] NCCL INFO NET/OFI NIC group 5 device #2 0000:c7:00.0
ip-10-42-20-223:24781:24781 [0] NCCL INFO NET/OFI NIC group 5 device #3 0000:c6:00.0
ip-10-42-20-223:24781:24781 [0] NCCL INFO NET/OFI NIC group 6 device #0 0000:96:00.0
ip-10-42-20-223:24781:24781 [0] NCCL INFO NET/OFI NIC group 6 device #1 0000:95:00.0
ip-10-42-20-223:24781:24781 [0] NCCL INFO NET/OFI NIC group 6 device #2 0000:94:00.0
ip-10-42-20-223:24781:24781 [0] NCCL INFO NET/OFI NIC group 6 device #3 0000:93:00.0
ip-10-42-20-223:24781:24781 [0] NCCL INFO NET/OFI NIC group 7 device #0 0000:a7:00.0
ip-10-42-20-223:24781:24781 [0] NCCL INFO NET/OFI NIC group 7 device #1 0000:a6:00.0
ip-10-42-20-223:24781:24781 [0] NCCL INFO NET/OFI NIC group 7 device #2 0000:a5:00.0
ip-10-42-20-223:24781:24781 [0] NCCL INFO NET/OFI NIC group 7 device #3 0000:a4:00.0
ip-10-42-20-223:24785:24785 [4] NCCL INFO NET/OFI Adding FI_EFA_FORK_SAFE=1 to environment
ip-10-42-20-223:24785:24785 [4] NCCL INFO NET/OFI Adding NCCL_BUFFSIZE=8388608 to environment
ip-10-42-20-223:24785:24785 [4] NCCL INFO NET/OFI Adding NCCL_NET_FORCE_FLUSH=0 to environment
ip-10-42-20-223:24785:24785 [4] NCCL INFO NET/OFI Adding NCCL_NVLSTREE_MAX_CHUNKSIZE=524288 to environment
ip-10-42-20-223:24785:24785 [4] NCCL INFO NET/OFI Adding NCCL_NVLS_CHUNKSIZE=524288 to environment
ip-10-42-20-223:24785:24785 [4] NCCL INFO NET/OFI Adding NCCL_P2P_NET_CHUNKSIZE=524288 to environment
ip-10-42-20-223:24785:24785 [4] NCCL INFO NET/OFI Adding NCCL_TOPO_FILE=/proc/self/fd/199 to environment
ip-10-42-20-223:24785:24785 [4] NCCL INFO NET/OFI Adding NCCL_TUNER_PLUGIN=libnccl-net.so to environment
ip-10-42-20-223:24785:24785 [4] NCCL INFO Initialized NET plugin Libfabric
ip-10-42-20-223:24785:24785 [4] NCCL INFO Assigned NET plugin Libfabric to comm
ip-10-42-20-223:24785:24785 [4] NCCL INFO Using network Libfabric
ip-10-42-20-223:24781:24781 [0] NCCL INFO NET/OFI GUID of rdmap116s0: 01f95e9300004a01
ip-10-42-20-223:24781:24781 [0] NCCL INFO NET/OFI GUID for dev[0]: 00000000000000000a2a14df00000000
ip-10-42-20-223:24781:24781 [0] NCCL INFO NET/OFI GUID of rdmap133s0: b786390c00005d00
ip-10-42-20-223:24781:24781 [0] NCCL INFO NET/OFI GUID for dev[1]: 00000000000000000a2a14df00000001
ip-10-42-20-223:24781:24781 [0] NCCL INFO NET/OFI GUID of rdmap82s0: cd9f0a9f00000900
ip-10-42-20-223:24781:24781 [0] NCCL INFO NET/OFI GUID for dev[2]: 00000000000000000a2a14df00000002
ip-10-42-20-223:24781:24781 [0] NCCL INFO NET/OFI GUID of rdmap99s0: 833abf9900001c01
ip-10-42-20-223:24781:24781 [0] NCCL INFO NET/OFI GUID for dev[3]: 00000000000000000a2a14df00000003
ip-10-42-20-223:24781:24781 [0] NCCL INFO NET/OFI GUID of rdmap184s0: 4d8a06670000be00
ip-10-42-20-223:24781:24781 [0] NCCL INFO NET/OFI GUID for dev[4]: 00000000000000000a2a14df00000004
ip-10-42-20-223:24781:24781 [0] NCCL INFO NET/OFI GUID of rdmap201s0: a94f539e0000d601
ip-10-42-20-223:24781:24781 [0] NCCL INFO NET/OFI GUID for dev[5]: 00000000000000000a2a14df00000005
ip-10-42-20-223:24781:24781 [0] NCCL INFO NET/OFI GUID of rdmap150s0: 69c5522100008301
ip-10-42-20-223:24781:24781 [0] NCCL INFO NET/OFI GUID for dev[6]: 00000000000000000a2a14df00000006
ip-10-42-20-223:24781:24781 [0] NCCL INFO NET/OFI GUID of rdmap167s0: 69635b4100009b01
ip-10-42-20-223:24781:24781 [0] NCCL INFO NET/OFI GUID for dev[7]: 00000000000000000a2a14df00000007
ip-10-42-20-223:24784:24784 [3] NCCL INFO NET/OFI Plugin selected platform: AWS
ip-10-42-20-223:24784:24784 [3] NCCL INFO NET/OFI Configuring AWS-specific options
ip-10-42-20-223:24784:24784 [3] NCCL INFO NET/OFI Internode latency set at 75.0 us
ip-10-42-20-223:24784:24784 [3] NCCL INFO NET/OFI Using transport protocol RDMA (platform set)
ip-10-42-20-223:24784:24784 [3] NCCL INFO NET/OFI Selected provider is efa, fabric is efa-direct (found 32 nics)
ip-10-42-20-223:24784:24784 [3] NCCL INFO NET/OFI NIC group 0 device #0 0000:74:00.0
ip-10-42-20-223:24784:24784 [3] NCCL INFO NET/OFI NIC group 0 device #1 0000:73:00.0
ip-10-42-20-223:24784:24784 [3] NCCL INFO NET/OFI NIC group 0 device #2 0000:72:00.0
ip-10-42-20-223:24784:24784 [3] NCCL INFO NET/OFI NIC group 0 device #3 0000:71:00.0
ip-10-42-20-223:24784:24784 [3] NCCL INFO NET/OFI NIC group 1 device #0 0000:85:00.0
ip-10-42-20-223:24784:24784 [3] NCCL INFO NET/OFI NIC group 1 device #1 0000:84:00.0
ip-10-42-20-223:24784:24784 [3] NCCL INFO NET/OFI NIC group 1 device #2 0000:83:00.0
ip-10-42-20-223:24784:24784 [3] NCCL INFO NET/OFI NIC group 1 device #3 0000:82:00.0
ip-10-42-20-223:24784:24784 [3] NCCL INFO NET/OFI NIC group 2 device #0 0000:52:00.0
ip-10-42-20-223:24784:24784 [3] NCCL INFO NET/OFI NIC group 2 device #1 0000:51:00.0
ip-10-42-20-223:24784:24784 [3] NCCL INFO NET/OFI NIC group 2 device #2 0000:50:00.0
ip-10-42-20-223:24784:24784 [3] NCCL INFO NET/OFI NIC group 2 device #3 0000:4f:00.0
ip-10-42-20-223:24784:24784 [3] NCCL INFO NET/OFI NIC group 3 device #0 0000:63:00.0
ip-10-42-20-223:24784:24784 [3] NCCL INFO NET/OFI NIC group 3 device #1 0000:62:00.0
ip-10-42-20-223:24784:24784 [3] NCCL INFO NET/OFI NIC group 3 device #2 0000:61:00.0
ip-10-42-20-223:24784:24784 [3] NCCL INFO NET/OFI NIC group 3 device #3 0000:60:00.0
ip-10-42-20-223:24784:24784 [3] NCCL INFO NET/OFI NIC group 4 device #0 0000:b8:00.0
ip-10-42-20-223:24784:24784 [3] NCCL INFO NET/OFI NIC group 4 device #1 0000:b7:00.0
ip-10-42-20-223:24784:24784 [3] NCCL INFO NET/OFI NIC group 4 device #2 0000:b6:00.0
ip-10-42-20-223:24784:24784 [3] NCCL INFO NET/OFI NIC group 4 device #3 0000:b5:00.0
ip-10-42-20-223:24784:24784 [3] NCCL INFO NET/OFI NIC group 5 device #0 0000:c9:00.0
ip-10-42-20-223:24784:24784 [3] NCCL INFO NET/OFI NIC group 5 device #1 0000:c8:00.0
ip-10-42-20-223:24784:24784 [3] NCCL INFO NET/OFI NIC group 5 device #2 0000:c7:00.0
ip-10-42-20-223:24784:24784 [3] NCCL INFO NET/OFI NIC group 5 device #3 0000:c6:00.0
ip-10-42-20-223:24784:24784 [3] NCCL INFO NET/OFI NIC group 6 device #0 0000:96:00.0
ip-10-42-20-223:24784:24784 [3] NCCL INFO NET/OFI NIC group 6 device #1 0000:95:00.0
ip-10-42-20-223:24784:24784 [3] NCCL INFO NET/OFI NIC group 6 device #2 0000:94:00.0
ip-10-42-20-223:24784:24784 [3] NCCL INFO NET/OFI NIC group 6 device #3 0000:93:00.0
ip-10-42-20-223:24784:24784 [3] NCCL INFO NET/OFI NIC group 7 device #0 0000:a7:00.0
ip-10-42-20-223:24784:24784 [3] NCCL INFO NET/OFI NIC group 7 device #1 0000:a6:00.0
ip-10-42-20-223:24784:24784 [3] NCCL INFO NET/OFI NIC group 7 device #2 0000:a5:00.0
ip-10-42-20-223:24784:24784 [3] NCCL INFO NET/OFI NIC group 7 device #3 0000:a4:00.0
ip-10-42-20-223:24784:24784 [3] NCCL INFO NET/OFI GUID of rdmap116s0: 01f95e9300004a01
ip-10-42-20-223:24784:24784 [3] NCCL INFO NET/OFI GUID for dev[0]: 00000000000000000a2a14df00000000
ip-10-42-20-223:24781:24781 [0] NCCL INFO NET/OFI Support for global registrations: true
ip-10-42-20-223:24781:24781 [0] NCCL INFO NET/OFI Support for DMA-BUF registrations: false
ip-10-42-20-223:24784:24784 [3] NCCL INFO NET/OFI GUID of rdmap133s0: b786390c00005d00
ip-10-42-20-223:24784:24784 [3] NCCL INFO NET/OFI GUID for dev[1]: 00000000000000000a2a14df00000001
ip-10-42-20-223:24784:24784 [3] NCCL INFO NET/OFI GUID of rdmap82s0: cd9f0a9f00000900
ip-10-42-20-223:24784:24784 [3] NCCL INFO NET/OFI GUID for dev[2]: 00000000000000000a2a14df00000002
ip-10-42-20-223:24784:24784 [3] NCCL INFO NET/OFI GUID of rdmap99s0: 833abf9900001c01
ip-10-42-20-223:24784:24784 [3] NCCL INFO NET/OFI GUID for dev[3]: 00000000000000000a2a14df00000003
ip-10-42-20-223:24784:24784 [3] NCCL INFO NET/OFI GUID of rdmap184s0: 4d8a06670000be00
ip-10-42-20-223:24784:24784 [3] NCCL INFO NET/OFI GUID for dev[4]: 00000000000000000a2a14df00000004
ip-10-42-20-223:24784:24784 [3] NCCL INFO NET/OFI GUID of rdmap201s0: a94f539e0000d601
ip-10-42-20-223:24784:24784 [3] NCCL INFO NET/OFI GUID for dev[5]: 00000000000000000a2a14df00000005
ip-10-42-20-223:24784:24784 [3] NCCL INFO NET/OFI GUID of rdmap150s0: 69c5522100008301
ip-10-42-20-223:24784:24784 [3] NCCL INFO NET/OFI GUID for dev[6]: 00000000000000000a2a14df00000006
ip-10-42-20-223:24784:24784 [3] NCCL INFO NET/OFI GUID of rdmap167s0: 69635b4100009b01
ip-10-42-20-223:24784:24784 [3] NCCL INFO NET/OFI GUID for dev[7]: 00000000000000000a2a14df00000007
ip-10-42-20-223:24781:24781 [0] NCCL INFO NET/OFI Adding FI_EFA_FORK_SAFE=1 to environment
ip-10-42-20-223:24781:24781 [0] NCCL INFO NET/OFI Adding NCCL_BUFFSIZE=8388608 to environment
ip-10-42-20-223:24781:24781 [0] NCCL INFO NET/OFI Adding NCCL_NET_FORCE_FLUSH=0 to environment
ip-10-42-20-223:24781:24781 [0] NCCL INFO NET/OFI Adding NCCL_NVLSTREE_MAX_CHUNKSIZE=524288 to environment
ip-10-42-20-223:24781:24781 [0] NCCL INFO NET/OFI Adding NCCL_NVLS_CHUNKSIZE=524288 to environment
ip-10-42-20-223:24781:24781 [0] NCCL INFO NET/OFI Adding NCCL_P2P_NET_CHUNKSIZE=524288 to environment
ip-10-42-20-223:24781:24781 [0] NCCL INFO NET/OFI Adding NCCL_TOPO_FILE=/proc/self/fd/181 to environment
ip-10-42-20-223:24781:24781 [0] NCCL INFO NET/OFI Adding NCCL_TUNER_PLUGIN=libnccl-net.so to environment
ip-10-42-20-223:24781:24781 [0] NCCL INFO Initialized NET plugin Libfabric
ip-10-42-20-223:24781:24781 [0] NCCL INFO Assigned NET plugin Libfabric to comm
ip-10-42-20-223:24781:24781 [0] NCCL INFO Using network Libfabric
ip-10-42-20-223:24784:24784 [3] NCCL INFO NET/OFI Support for global registrations: true
ip-10-42-20-223:24784:24784 [3] NCCL INFO NET/OFI Support for DMA-BUF registrations: false
ip-10-42-20-223:24787:24787 [6] NCCL INFO NET/OFI Plugin selected platform: AWS
ip-10-42-20-223:24787:24787 [6] NCCL INFO NET/OFI Configuring AWS-specific options
ip-10-42-20-223:24787:24787 [6] NCCL INFO NET/OFI Internode latency set at 75.0 us
ip-10-42-20-223:24787:24787 [6] NCCL INFO NET/OFI Using transport protocol RDMA (platform set)
ip-10-42-20-223:24787:24787 [6] NCCL INFO NET/OFI Selected provider is efa, fabric is efa-direct (found 32 nics)
ip-10-42-20-223:24787:24787 [6] NCCL INFO NET/OFI NIC group 0 device #0 0000:74:00.0
ip-10-42-20-223:24787:24787 [6] NCCL INFO NET/OFI NIC group 0 device #1 0000:73:00.0
ip-10-42-20-223:24787:24787 [6] NCCL INFO NET/OFI NIC group 0 device #2 0000:72:00.0
ip-10-42-20-223:24787:24787 [6] NCCL INFO NET/OFI NIC group 0 device #3 0000:71:00.0
ip-10-42-20-223:24787:24787 [6] NCCL INFO NET/OFI NIC group 1 device #0 0000:85:00.0
ip-10-42-20-223:24787:24787 [6] NCCL INFO NET/OFI NIC group 1 device #1 0000:84:00.0
ip-10-42-20-223:24787:24787 [6] NCCL INFO NET/OFI NIC group 1 device #2 0000:83:00.0
ip-10-42-20-223:24787:24787 [6] NCCL INFO NET/OFI NIC group 1 device #3 0000:82:00.0
ip-10-42-20-223:24787:24787 [6] NCCL INFO NET/OFI NIC group 2 device #0 0000:52:00.0
ip-10-42-20-223:24787:24787 [6] NCCL INFO NET/OFI NIC group 2 device #1 0000:51:00.0
ip-10-42-20-223:24787:24787 [6] NCCL INFO NET/OFI NIC group 2 device #2 0000:50:00.0
ip-10-42-20-223:24787:24787 [6] NCCL INFO NET/OFI NIC group 2 device #3 0000:4f:00.0
ip-10-42-20-223:24787:24787 [6] NCCL INFO NET/OFI NIC group 3 device #0 0000:63:00.0
ip-10-42-20-223:24787:24787 [6] NCCL INFO NET/OFI NIC group 3 device #1 0000:62:00.0
ip-10-42-20-223:24787:24787 [6] NCCL INFO NET/OFI NIC group 3 device #2 0000:61:00.0
ip-10-42-20-223:24787:24787 [6] NCCL INFO NET/OFI NIC group 3 device #3 0000:60:00.0
ip-10-42-20-223:24787:24787 [6] NCCL INFO NET/OFI NIC group 4 device #0 0000:b8:00.0
ip-10-42-20-223:24787:24787 [6] NCCL INFO NET/OFI NIC group 4 device #1 0000:b7:00.0
ip-10-42-20-223:24787:24787 [6] NCCL INFO NET/OFI NIC group 4 device #2 0000:b6:00.0
ip-10-42-20-223:24787:24787 [6] NCCL INFO NET/OFI NIC group 4 device #3 0000:b5:00.0
ip-10-42-20-223:24787:24787 [6] NCCL INFO NET/OFI NIC group 5 device #0 0000:c9:00.0
ip-10-42-20-223:24787:24787 [6] NCCL INFO NET/OFI NIC group 5 device #1 0000:c8:00.0
ip-10-42-20-223:24787:24787 [6] NCCL INFO NET/OFI NIC group 5 device #2 0000:c7:00.0
ip-10-42-20-223:24787:24787 [6] NCCL INFO NET/OFI NIC group 5 device #3 0000:c6:00.0
ip-10-42-20-223:24787:24787 [6] NCCL INFO NET/OFI NIC group 6 device #0 0000:96:00.0
ip-10-42-20-223:24787:24787 [6] NCCL INFO NET/OFI NIC group 6 device #1 0000:95:00.0
ip-10-42-20-223:24787:24787 [6] NCCL INFO NET/OFI NIC group 6 device #2 0000:94:00.0
ip-10-42-20-223:24787:24787 [6] NCCL INFO NET/OFI NIC group 6 device #3 0000:93:00.0
ip-10-42-20-223:24787:24787 [6] NCCL INFO NET/OFI NIC group 7 device #0 0000:a7:00.0
ip-10-42-20-223:24787:24787 [6] NCCL INFO NET/OFI NIC group 7 device #1 0000:a6:00.0
ip-10-42-20-223:24787:24787 [6] NCCL INFO NET/OFI NIC group 7 device #2 0000:a5:00.0
ip-10-42-20-223:24787:24787 [6] NCCL INFO NET/OFI NIC group 7 device #3 0000:a4:00.0
ip-10-42-20-223:24784:24784 [3] NCCL INFO NET/OFI Adding FI_EFA_FORK_SAFE=1 to environment
ip-10-42-20-223:24784:24784 [3] NCCL INFO NET/OFI Adding NCCL_BUFFSIZE=8388608 to environment
ip-10-42-20-223:24784:24784 [3] NCCL INFO NET/OFI Adding NCCL_NET_FORCE_FLUSH=0 to environment
ip-10-42-20-223:24784:24784 [3] NCCL INFO NET/OFI Adding NCCL_NVLSTREE_MAX_CHUNKSIZE=524288 to environment
ip-10-42-20-223:24784:24784 [3] NCCL INFO NET/OFI Adding NCCL_NVLS_CHUNKSIZE=524288 to environment
ip-10-42-20-223:24784:24784 [3] NCCL INFO NET/OFI Adding NCCL_P2P_NET_CHUNKSIZE=524288 to environment
ip-10-42-20-223:24784:24784 [3] NCCL INFO NET/OFI Adding NCCL_TOPO_FILE=/proc/self/fd/199 to environment
ip-10-42-20-223:24784:24784 [3] NCCL INFO NET/OFI Adding NCCL_TUNER_PLUGIN=libnccl-net.so to environment
ip-10-42-20-223:24784:24784 [3] NCCL INFO Initialized NET plugin Libfabric
ip-10-42-20-223:24784:24784 [3] NCCL INFO Assigned NET plugin Libfabric to comm
ip-10-42-20-223:24784:24784 [3] NCCL INFO Using network Libfabric
ip-10-42-20-223:24787:24787 [6] NCCL INFO NET/OFI GUID of rdmap116s0: 01f95e9300004a01
ip-10-42-20-223:24787:24787 [6] NCCL INFO NET/OFI GUID for dev[0]: 00000000000000000a2a14df00000000
ip-10-42-20-223:24787:24787 [6] NCCL INFO NET/OFI GUID of rdmap133s0: b786390c00005d00
ip-10-42-20-223:24787:24787 [6] NCCL INFO NET/OFI GUID for dev[1]: 00000000000000000a2a14df00000001
ip-10-42-20-223:24787:24787 [6] NCCL INFO NET/OFI GUID of rdmap82s0: cd9f0a9f00000900
ip-10-42-20-223:24787:24787 [6] NCCL INFO NET/OFI GUID for dev[2]: 00000000000000000a2a14df00000002
ip-10-42-20-223:24787:24787 [6] NCCL INFO NET/OFI GUID of rdmap99s0: 833abf9900001c01
ip-10-42-20-223:24787:24787 [6] NCCL INFO NET/OFI GUID for dev[3]: 00000000000000000a2a14df00000003
ip-10-42-20-223:24787:24787 [6] NCCL INFO NET/OFI GUID of rdmap184s0: 4d8a06670000be00
ip-10-42-20-223:24787:24787 [6] NCCL INFO NET/OFI GUID for dev[4]: 00000000000000000a2a14df00000004
ip-10-42-20-223:24787:24787 [6] NCCL INFO NET/OFI GUID of rdmap201s0: a94f539e0000d601
ip-10-42-20-223:24787:24787 [6] NCCL INFO NET/OFI GUID for dev[5]: 00000000000000000a2a14df00000005
ip-10-42-20-223:24787:24787 [6] NCCL INFO NET/OFI GUID of rdmap150s0: 69c5522100008301
ip-10-42-20-223:24787:24787 [6] NCCL INFO NET/OFI GUID for dev[6]: 00000000000000000a2a14df00000006
ip-10-42-20-223:24787:24787 [6] NCCL INFO NET/OFI GUID of rdmap167s0: 69635b4100009b01
ip-10-42-20-223:24787:24787 [6] NCCL INFO NET/OFI GUID for dev[7]: 00000000000000000a2a14df00000007
ip-10-42-20-223:24783:24783 [2] NCCL INFO NET/OFI Plugin selected platform: AWS
ip-10-42-20-223:24783:24783 [2] NCCL INFO NET/OFI Configuring AWS-specific options
ip-10-42-20-223:24783:24783 [2] NCCL INFO NET/OFI Internode latency set at 75.0 us
ip-10-42-20-223:24783:24783 [2] NCCL INFO NET/OFI Using transport protocol RDMA (platform set)
ip-10-42-20-223:24783:24783 [2] NCCL INFO NET/OFI Selected provider is efa, fabric is efa-direct (found 32 nics)
ip-10-42-20-223:24783:24783 [2] NCCL INFO NET/OFI NIC group 0 device #0 0000:74:00.0
ip-10-42-20-223:24783:24783 [2] NCCL INFO NET/OFI NIC group 0 device #1 0000:73:00.0
ip-10-42-20-223:24783:24783 [2] NCCL INFO NET/OFI NIC group 0 device #2 0000:72:00.0
ip-10-42-20-223:24783:24783 [2] NCCL INFO NET/OFI NIC group 0 device #3 0000:71:00.0
ip-10-42-20-223:24783:24783 [2] NCCL INFO NET/OFI NIC group 1 device #0 0000:85:00.0
ip-10-42-20-223:24783:24783 [2] NCCL INFO NET/OFI NIC group 1 device #1 0000:84:00.0
ip-10-42-20-223:24783:24783 [2] NCCL INFO NET/OFI NIC group 1 device #2 0000:83:00.0
ip-10-42-20-223:24783:24783 [2] NCCL INFO NET/OFI NIC group 1 device #3 0000:82:00.0
ip-10-42-20-223:24783:24783 [2] NCCL INFO NET/OFI NIC group 2 device #0 0000:52:00.0
ip-10-42-20-223:24783:24783 [2] NCCL INFO NET/OFI NIC group 2 device #1 0000:51:00.0
ip-10-42-20-223:24783:24783 [2] NCCL INFO NET/OFI NIC group 2 device #2 0000:50:00.0
ip-10-42-20-223:24783:24783 [2] NCCL INFO NET/OFI NIC group 2 device #3 0000:4f:00.0
ip-10-42-20-223:24783:24783 [2] NCCL INFO NET/OFI NIC group 3 device #0 0000:63:00.0
ip-10-42-20-223:24783:24783 [2] NCCL INFO NET/OFI NIC group 3 device #1 0000:62:00.0
ip-10-42-20-223:24783:24783 [2] NCCL INFO NET/OFI NIC group 3 device #2 0000:61:00.0
ip-10-42-20-223:24783:24783 [2] NCCL INFO NET/OFI NIC group 3 device #3 0000:60:00.0
ip-10-42-20-223:24783:24783 [2] NCCL INFO NET/OFI NIC group 4 device #0 0000:b8:00.0
ip-10-42-20-223:24783:24783 [2] NCCL INFO NET/OFI NIC group 4 device #1 0000:b7:00.0
ip-10-42-20-223:24783:24783 [2] NCCL INFO NET/OFI NIC group 4 device #2 0000:b6:00.0
ip-10-42-20-223:24783:24783 [2] NCCL INFO NET/OFI NIC group 4 device #3 0000:b5:00.0
ip-10-42-20-223:24783:24783 [2] NCCL INFO NET/OFI NIC group 5 device #0 0000:c9:00.0
ip-10-42-20-223:24783:24783 [2] NCCL INFO NET/OFI NIC group 5 device #1 0000:c8:00.0
ip-10-42-20-223:24783:24783 [2] NCCL INFO NET/OFI NIC group 5 device #2 0000:c7:00.0
ip-10-42-20-223:24783:24783 [2] NCCL INFO NET/OFI NIC group 5 device #3 0000:c6:00.0
ip-10-42-20-223:24783:24783 [2] NCCL INFO NET/OFI NIC group 6 device #0 0000:96:00.0
ip-10-42-20-223:24783:24783 [2] NCCL INFO NET/OFI NIC group 6 device #1 0000:95:00.0
ip-10-42-20-223:24783:24783 [2] NCCL INFO NET/OFI NIC group 6 device #2 0000:94:00.0
ip-10-42-20-223:24783:24783 [2] NCCL INFO NET/OFI NIC group 6 device #3 0000:93:00.0
ip-10-42-20-223:24783:24783 [2] NCCL INFO NET/OFI NIC group 7 device #0 0000:a7:00.0
ip-10-42-20-223:24783:24783 [2] NCCL INFO NET/OFI NIC group 7 device #1 0000:a6:00.0
ip-10-42-20-223:24783:24783 [2] NCCL INFO NET/OFI NIC group 7 device #2 0000:a5:00.0
ip-10-42-20-223:24783:24783 [2] NCCL INFO NET/OFI NIC group 7 device #3 0000:a4:00.0
ip-10-42-20-223:24783:24783 [2] NCCL INFO NET/OFI GUID of rdmap116s0: 01f95e9300004a01
ip-10-42-20-223:24783:24783 [2] NCCL INFO NET/OFI GUID for dev[0]: 00000000000000000a2a14df00000000
ip-10-42-20-223:24783:24783 [2] NCCL INFO NET/OFI GUID of rdmap133s0: b786390c00005d00
ip-10-42-20-223:24783:24783 [2] NCCL INFO NET/OFI GUID for dev[1]: 00000000000000000a2a14df00000001
ip-10-42-20-223:24783:24783 [2] NCCL INFO NET/OFI GUID of rdmap82s0: cd9f0a9f00000900
ip-10-42-20-223:24783:24783 [2] NCCL INFO NET/OFI GUID for dev[2]: 00000000000000000a2a14df00000002
ip-10-42-20-223:24783:24783 [2] NCCL INFO NET/OFI GUID of rdmap99s0: 833abf9900001c01
ip-10-42-20-223:24783:24783 [2] NCCL INFO NET/OFI GUID for dev[3]: 00000000000000000a2a14df00000003
ip-10-42-20-223:24783:24783 [2] NCCL INFO NET/OFI GUID of rdmap184s0: 4d8a06670000be00
ip-10-42-20-223:24783:24783 [2] NCCL INFO NET/OFI GUID for dev[4]: 00000000000000000a2a14df00000004
ip-10-42-20-223:24783:24783 [2] NCCL INFO NET/OFI GUID of rdmap201s0: a94f539e0000d601
ip-10-42-20-223:24783:24783 [2] NCCL INFO NET/OFI GUID for dev[5]: 00000000000000000a2a14df00000005
ip-10-42-20-223:24783:24783 [2] NCCL INFO NET/OFI GUID of rdmap150s0: 69c5522100008301
ip-10-42-20-223:24783:24783 [2] NCCL INFO NET/OFI GUID for dev[6]: 00000000000000000a2a14df00000006
ip-10-42-20-223:24783:24783 [2] NCCL INFO NET/OFI GUID of rdmap167s0: 69635b4100009b01
ip-10-42-20-223:24783:24783 [2] NCCL INFO NET/OFI GUID for dev[7]: 00000000000000000a2a14df00000007
ip-10-42-20-223:24786:24786 [5] NCCL INFO NET/OFI Plugin selected platform: AWS
ip-10-42-20-223:24786:24786 [5] NCCL INFO NET/OFI Configuring AWS-specific options
ip-10-42-20-223:24786:24786 [5] NCCL INFO NET/OFI Internode latency set at 75.0 us
ip-10-42-20-223:24786:24786 [5] NCCL INFO NET/OFI Using transport protocol RDMA (platform set)
ip-10-42-20-223:24786:24786 [5] NCCL INFO NET/OFI Selected provider is efa, fabric is efa-direct (found 32 nics)
ip-10-42-20-223:24786:24786 [5] NCCL INFO NET/OFI NIC group 0 device #0 0000:74:00.0
ip-10-42-20-223:24786:24786 [5] NCCL INFO NET/OFI NIC group 0 device #1 0000:73:00.0
ip-10-42-20-223:24786:24786 [5] NCCL INFO NET/OFI NIC group 0 device #2 0000:72:00.0
ip-10-42-20-223:24786:24786 [5] NCCL INFO NET/OFI NIC group 0 device #3 0000:71:00.0
ip-10-42-20-223:24786:24786 [5] NCCL INFO NET/OFI NIC group 1 device #0 0000:85:00.0
ip-10-42-20-223:24786:24786 [5] NCCL INFO NET/OFI NIC group 1 device #1 0000:84:00.0
ip-10-42-20-223:24786:24786 [5] NCCL INFO NET/OFI NIC group 1 device #2 0000:83:00.0
ip-10-42-20-223:24786:24786 [5] NCCL INFO NET/OFI NIC group 1 device #3 0000:82:00.0
ip-10-42-20-223:24786:24786 [5] NCCL INFO NET/OFI NIC group 2 device #0 0000:52:00.0
ip-10-42-20-223:24786:24786 [5] NCCL INFO NET/OFI NIC group 2 device #1 0000:51:00.0
ip-10-42-20-223:24786:24786 [5] NCCL INFO NET/OFI NIC group 2 device #2 0000:50:00.0
ip-10-42-20-223:24786:24786 [5] NCCL INFO NET/OFI NIC group 2 device #3 0000:4f:00.0
ip-10-42-20-223:24786:24786 [5] NCCL INFO NET/OFI NIC group 3 device #0 0000:63:00.0
ip-10-42-20-223:24786:24786 [5] NCCL INFO NET/OFI NIC group 3 device #1 0000:62:00.0
ip-10-42-20-223:24786:24786 [5] NCCL INFO NET/OFI NIC group 3 device #2 0000:61:00.0
ip-10-42-20-223:24786:24786 [5] NCCL INFO NET/OFI NIC group 3 device #3 0000:60:00.0
ip-10-42-20-223:24786:24786 [5] NCCL INFO NET/OFI NIC group 4 device #0 0000:b8:00.0
ip-10-42-20-223:24786:24786 [5] NCCL INFO NET/OFI NIC group 4 device #1 0000:b7:00.0
ip-10-42-20-223:24786:24786 [5] NCCL INFO NET/OFI NIC group 4 device #2 0000:b6:00.0
ip-10-42-20-223:24786:24786 [5] NCCL INFO NET/OFI NIC group 4 device #3 0000:b5:00.0
ip-10-42-20-223:24786:24786 [5] NCCL INFO NET/OFI NIC group 5 device #0 0000:c9:00.0
ip-10-42-20-223:24786:24786 [5] NCCL INFO NET/OFI NIC group 5 device #1 0000:c8:00.0
ip-10-42-20-223:24786:24786 [5] NCCL INFO NET/OFI NIC group 5 device #2 0000:c7:00.0
ip-10-42-20-223:24786:24786 [5] NCCL INFO NET/OFI NIC group 5 device #3 0000:c6:00.0
ip-10-42-20-223:24786:24786 [5] NCCL INFO NET/OFI NIC group 6 device #0 0000:96:00.0
ip-10-42-20-223:24786:24786 [5] NCCL INFO NET/OFI NIC group 6 device #1 0000:95:00.0
ip-10-42-20-223:24786:24786 [5] NCCL INFO NET/OFI NIC group 6 device #2 0000:94:00.0
ip-10-42-20-223:24786:24786 [5] NCCL INFO NET/OFI NIC group 6 device #3 0000:93:00.0
ip-10-42-20-223:24786:24786 [5] NCCL INFO NET/OFI NIC group 7 device #0 0000:a7:00.0
ip-10-42-20-223:24786:24786 [5] NCCL INFO NET/OFI NIC group 7 device #1 0000:a6:00.0
ip-10-42-20-223:24786:24786 [5] NCCL INFO NET/OFI NIC group 7 device #2 0000:a5:00.0
ip-10-42-20-223:24786:24786 [5] NCCL INFO NET/OFI NIC group 7 device #3 0000:a4:00.0
ip-10-42-20-223:24786:24786 [5] NCCL INFO NET/OFI GUID of rdmap116s0: 01f95e9300004a01
ip-10-42-20-223:24786:24786 [5] NCCL INFO NET/OFI GUID for dev[0]: 00000000000000000a2a14df00000000
ip-10-42-20-223:24786:24786 [5] NCCL INFO NET/OFI GUID of rdmap133s0: b786390c00005d00
ip-10-42-20-223:24786:24786 [5] NCCL INFO NET/OFI GUID for dev[1]: 00000000000000000a2a14df00000001
ip-10-42-20-223:24786:24786 [5] NCCL INFO NET/OFI GUID of rdmap82s0: cd9f0a9f00000900
ip-10-42-20-223:24786:24786 [5] NCCL INFO NET/OFI GUID for dev[2]: 00000000000000000a2a14df00000002
ip-10-42-20-223:24786:24786 [5] NCCL INFO NET/OFI GUID of rdmap99s0: 833abf9900001c01
ip-10-42-20-223:24786:24786 [5] NCCL INFO NET/OFI GUID for dev[3]: 00000000000000000a2a14df00000003
ip-10-42-20-223:24786:24786 [5] NCCL INFO NET/OFI GUID of rdmap184s0: 4d8a06670000be00
ip-10-42-20-223:24786:24786 [5] NCCL INFO NET/OFI GUID for dev[4]: 00000000000000000a2a14df00000004
ip-10-42-20-223:24786:24786 [5] NCCL INFO NET/OFI GUID of rdmap201s0: a94f539e0000d601
ip-10-42-20-223:24786:24786 [5] NCCL INFO NET/OFI GUID for dev[5]: 00000000000000000a2a14df00000005
ip-10-42-20-223:24786:24786 [5] NCCL INFO NET/OFI GUID of rdmap150s0: 69c5522100008301
ip-10-42-20-223:24786:24786 [5] NCCL INFO NET/OFI GUID for dev[6]: 00000000000000000a2a14df00000006
ip-10-42-20-223:24786:24786 [5] NCCL INFO NET/OFI GUID of rdmap167s0: 69635b4100009b01
ip-10-42-20-223:24786:24786 [5] NCCL INFO NET/OFI GUID for dev[7]: 00000000000000000a2a14df00000007
ip-10-42-20-223:24788:24788 [7] NCCL INFO NET/OFI Plugin selected platform: AWS
ip-10-42-20-223:24788:24788 [7] NCCL INFO NET/OFI Configuring AWS-specific options
ip-10-42-20-223:24788:24788 [7] NCCL INFO NET/OFI Internode latency set at 75.0 us
ip-10-42-20-223:24788:24788 [7] NCCL INFO NET/OFI Using transport protocol RDMA (platform set)
ip-10-42-20-223:24788:24788 [7] NCCL INFO NET/OFI Selected provider is efa, fabric is efa-direct (found 32 nics)
ip-10-42-20-223:24788:24788 [7] NCCL INFO NET/OFI NIC group 0 device #0 0000:74:00.0
ip-10-42-20-223:24788:24788 [7] NCCL INFO NET/OFI NIC group 0 device #1 0000:73:00.0
ip-10-42-20-223:24788:24788 [7] NCCL INFO NET/OFI NIC group 0 device #2 0000:72:00.0
ip-10-42-20-223:24788:24788 [7] NCCL INFO NET/OFI NIC group 0 device #3 0000:71:00.0
ip-10-42-20-223:24788:24788 [7] NCCL INFO NET/OFI NIC group 1 device #0 0000:85:00.0
ip-10-42-20-223:24788:24788 [7] NCCL INFO NET/OFI NIC group 1 device #1 0000:84:00.0
ip-10-42-20-223:24788:24788 [7] NCCL INFO NET/OFI NIC group 1 device #2 0000:83:00.0
ip-10-42-20-223:24788:24788 [7] NCCL INFO NET/OFI NIC group 1 device #3 0000:82:00.0
ip-10-42-20-223:24788:24788 [7] NCCL INFO NET/OFI NIC group 2 device #0 0000:52:00.0
ip-10-42-20-223:24788:24788 [7] NCCL INFO NET/OFI NIC group 2 device #1 0000:51:00.0
ip-10-42-20-223:24788:24788 [7] NCCL INFO NET/OFI NIC group 2 device #2 0000:50:00.0
ip-10-42-20-223:24788:24788 [7] NCCL INFO NET/OFI NIC group 2 device #3 0000:4f:00.0
ip-10-42-20-223:24788:24788 [7] NCCL INFO NET/OFI NIC group 3 device #0 0000:63:00.0
ip-10-42-20-223:24788:24788 [7] NCCL INFO NET/OFI NIC group 3 device #1 0000:62:00.0
ip-10-42-20-223:24788:24788 [7] NCCL INFO NET/OFI NIC group 3 device #2 0000:61:00.0
ip-10-42-20-223:24788:24788 [7] NCCL INFO NET/OFI NIC group 3 device #3 0000:60:00.0
ip-10-42-20-223:24788:24788 [7] NCCL INFO NET/OFI NIC group 4 device #0 0000:b8:00.0
ip-10-42-20-223:24788:24788 [7] NCCL INFO NET/OFI NIC group 4 device #1 0000:b7:00.0
ip-10-42-20-223:24788:24788 [7] NCCL INFO NET/OFI NIC group 4 device #2 0000:b6:00.0
ip-10-42-20-223:24788:24788 [7] NCCL INFO NET/OFI NIC group 4 device #3 0000:b5:00.0
ip-10-42-20-223:24788:24788 [7] NCCL INFO NET/OFI NIC group 5 device #0 0000:c9:00.0
ip-10-42-20-223:24788:24788 [7] NCCL INFO NET/OFI NIC group 5 device #1 0000:c8:00.0
ip-10-42-20-223:24788:24788 [7] NCCL INFO NET/OFI NIC group 5 device #2 0000:c7:00.0
ip-10-42-20-223:24788:24788 [7] NCCL INFO NET/OFI NIC group 5 device #3 0000:c6:00.0
ip-10-42-20-223:24788:24788 [7] NCCL INFO NET/OFI NIC group 6 device #0 0000:96:00.0
ip-10-42-20-223:24788:24788 [7] NCCL INFO NET/OFI NIC group 6 device #1 0000:95:00.0
ip-10-42-20-223:24788:24788 [7] NCCL INFO NET/OFI NIC group 6 device #2 0000:94:00.0
ip-10-42-20-223:24788:24788 [7] NCCL INFO NET/OFI NIC group 6 device #3 0000:93:00.0
ip-10-42-20-223:24788:24788 [7] NCCL INFO NET/OFI NIC group 7 device #0 0000:a7:00.0
ip-10-42-20-223:24788:24788 [7] NCCL INFO NET/OFI NIC group 7 device #1 0000:a6:00.0
ip-10-42-20-223:24788:24788 [7] NCCL INFO NET/OFI NIC group 7 device #2 0000:a5:00.0
ip-10-42-20-223:24788:24788 [7] NCCL INFO NET/OFI NIC group 7 device #3 0000:a4:00.0
ip-10-42-20-223:24788:24788 [7] NCCL INFO NET/OFI GUID of rdmap116s0: 01f95e9300004a01
ip-10-42-20-223:24788:24788 [7] NCCL INFO NET/OFI GUID for dev[0]: 00000000000000000a2a14df00000000
ip-10-42-20-223:24788:24788 [7] NCCL INFO NET/OFI GUID of rdmap133s0: b786390c00005d00
ip-10-42-20-223:24788:24788 [7] NCCL INFO NET/OFI GUID for dev[1]: 00000000000000000a2a14df00000001
ip-10-42-20-223:24788:24788 [7] NCCL INFO NET/OFI GUID of rdmap82s0: cd9f0a9f00000900
ip-10-42-20-223:24788:24788 [7] NCCL INFO NET/OFI GUID for dev[2]: 00000000000000000a2a14df00000002
ip-10-42-20-223:24788:24788 [7] NCCL INFO NET/OFI GUID of rdmap99s0: 833abf9900001c01
ip-10-42-20-223:24788:24788 [7] NCCL INFO NET/OFI GUID for dev[3]: 00000000000000000a2a14df00000003
ip-10-42-20-223:24788:24788 [7] NCCL INFO NET/OFI GUID of rdmap184s0: 4d8a06670000be00
ip-10-42-20-223:24788:24788 [7] NCCL INFO NET/OFI GUID for dev[4]: 00000000000000000a2a14df00000004
ip-10-42-20-223:24788:24788 [7] NCCL INFO NET/OFI GUID of rdmap201s0: a94f539e0000d601
ip-10-42-20-223:24788:24788 [7] NCCL INFO NET/OFI GUID for dev[5]: 00000000000000000a2a14df00000005
ip-10-42-20-223:24788:24788 [7] NCCL INFO NET/OFI GUID of rdmap150s0: 69c5522100008301
ip-10-42-20-223:24788:24788 [7] NCCL INFO NET/OFI GUID for dev[6]: 00000000000000000a2a14df00000006
ip-10-42-20-223:24787:24787 [6] NCCL INFO NET/OFI Support for global registrations: true
ip-10-42-20-223:24787:24787 [6] NCCL INFO NET/OFI Support for DMA-BUF registrations: false
ip-10-42-20-223:24788:24788 [7] NCCL INFO NET/OFI GUID of rdmap167s0: 69635b4100009b01
ip-10-42-20-223:24788:24788 [7] NCCL INFO NET/OFI GUID for dev[7]: 00000000000000000a2a14df00000007
ip-10-42-20-223:24782:24782 [1] NCCL INFO NET/OFI Plugin selected platform: AWS
ip-10-42-20-223:24782:24782 [1] NCCL INFO NET/OFI Configuring AWS-specific options
ip-10-42-20-223:24782:24782 [1] NCCL INFO NET/OFI Internode latency set at 75.0 us
ip-10-42-20-223:24782:24782 [1] NCCL INFO NET/OFI Using transport protocol RDMA (platform set)
ip-10-42-20-223:24782:24782 [1] NCCL INFO NET/OFI Selected provider is efa, fabric is efa-direct (found 32 nics)
ip-10-42-20-223:24782:24782 [1] NCCL INFO NET/OFI NIC group 0 device #0 0000:74:00.0
ip-10-42-20-223:24782:24782 [1] NCCL INFO NET/OFI NIC group 0 device #1 0000:73:00.0
ip-10-42-20-223:24782:24782 [1] NCCL INFO NET/OFI NIC group 0 device #2 0000:72:00.0
ip-10-42-20-223:24782:24782 [1] NCCL INFO NET/OFI NIC group 0 device #3 0000:71:00.0
ip-10-42-20-223:24782:24782 [1] NCCL INFO NET/OFI NIC group 1 device #0 0000:85:00.0
ip-10-42-20-223:24782:24782 [1] NCCL INFO NET/OFI NIC group 1 device #1 0000:84:00.0
ip-10-42-20-223:24782:24782 [1] NCCL INFO NET/OFI NIC group 1 device #2 0000:83:00.0
ip-10-42-20-223:24782:24782 [1] NCCL INFO NET/OFI NIC group 1 device #3 0000:82:00.0
ip-10-42-20-223:24782:24782 [1] NCCL INFO NET/OFI NIC group 2 device #0 0000:52:00.0
ip-10-42-20-223:24782:24782 [1] NCCL INFO NET/OFI NIC group 2 device #1 0000:51:00.0
ip-10-42-20-223:24782:24782 [1] NCCL INFO NET/OFI NIC group 2 device #2 0000:50:00.0
ip-10-42-20-223:24782:24782 [1] NCCL INFO NET/OFI NIC group 2 device #3 0000:4f:00.0
ip-10-42-20-223:24782:24782 [1] NCCL INFO NET/OFI NIC group 3 device #0 0000:63:00.0
ip-10-42-20-223:24782:24782 [1] NCCL INFO NET/OFI NIC group 3 device #1 0000:62:00.0
ip-10-42-20-223:24782:24782 [1] NCCL INFO NET/OFI NIC group 3 device #2 0000:61:00.0
ip-10-42-20-223:24782:24782 [1] NCCL INFO NET/OFI NIC group 3 device #3 0000:60:00.0
ip-10-42-20-223:24782:24782 [1] NCCL INFO NET/OFI NIC group 4 device #0 0000:b8:00.0
ip-10-42-20-223:24782:24782 [1] NCCL INFO NET/OFI NIC group 4 device #1 0000:b7:00.0
ip-10-42-20-223:24782:24782 [1] NCCL INFO NET/OFI NIC group 4 device #2 0000:b6:00.0
ip-10-42-20-223:24782:24782 [1] NCCL INFO NET/OFI NIC group 4 device #3 0000:b5:00.0
ip-10-42-20-223:24782:24782 [1] NCCL INFO NET/OFI NIC group 5 device #0 0000:c9:00.0
ip-10-42-20-223:24782:24782 [1] NCCL INFO NET/OFI NIC group 5 device #1 0000:c8:00.0
ip-10-42-20-223:24782:24782 [1] NCCL INFO NET/OFI NIC group 5 device #2 0000:c7:00.0
ip-10-42-20-223:24782:24782 [1] NCCL INFO NET/OFI NIC group 5 device #3 0000:c6:00.0
ip-10-42-20-223:24782:24782 [1] NCCL INFO NET/OFI NIC group 6 device #0 0000:96:00.0
ip-10-42-20-223:24782:24782 [1] NCCL INFO NET/OFI NIC group 6 device #1 0000:95:00.0
ip-10-42-20-223:24782:24782 [1] NCCL INFO NET/OFI NIC group 6 device #2 0000:94:00.0
ip-10-42-20-223:24782:24782 [1] NCCL INFO NET/OFI NIC group 6 device #3 0000:93:00.0
ip-10-42-20-223:24782:24782 [1] NCCL INFO NET/OFI NIC group 7 device #0 0000:a7:00.0
ip-10-42-20-223:24782:24782 [1] NCCL INFO NET/OFI NIC group 7 device #1 0000:a6:00.0
ip-10-42-20-223:24782:24782 [1] NCCL INFO NET/OFI NIC group 7 device #2 0000:a5:00.0
ip-10-42-20-223:24782:24782 [1] NCCL INFO NET/OFI NIC group 7 device #3 0000:a4:00.0
ip-10-42-20-223:24782:24782 [1] NCCL INFO NET/OFI GUID of rdmap116s0: 01f95e9300004a01
ip-10-42-20-223:24782:24782 [1] NCCL INFO NET/OFI GUID for dev[0]: 00000000000000000a2a14df00000000
ip-10-42-20-223:24782:24782 [1] NCCL INFO NET/OFI GUID of rdmap133s0: b786390c00005d00
ip-10-42-20-223:24782:24782 [1] NCCL INFO NET/OFI GUID for dev[1]: 00000000000000000a2a14df00000001
ip-10-42-20-223:24782:24782 [1] NCCL INFO NET/OFI GUID of rdmap82s0: cd9f0a9f00000900
ip-10-42-20-223:24782:24782 [1] NCCL INFO NET/OFI GUID for dev[2]: 00000000000000000a2a14df00000002
ip-10-42-20-223:24782:24782 [1] NCCL INFO NET/OFI GUID of rdmap99s0: 833abf9900001c01
ip-10-42-20-223:24782:24782 [1] NCCL INFO NET/OFI GUID for dev[3]: 00000000000000000a2a14df00000003
ip-10-42-20-223:24782:24782 [1] NCCL INFO NET/OFI GUID of rdmap184s0: 4d8a06670000be00
ip-10-42-20-223:24782:24782 [1] NCCL INFO NET/OFI GUID for dev[4]: 00000000000000000a2a14df00000004
ip-10-42-20-223:24782:24782 [1] NCCL INFO NET/OFI GUID of rdmap201s0: a94f539e0000d601
ip-10-42-20-223:24782:24782 [1] NCCL INFO NET/OFI GUID for dev[5]: 00000000000000000a2a14df00000005
ip-10-42-20-223:24782:24782 [1] NCCL INFO NET/OFI GUID of rdmap150s0: 69c5522100008301
ip-10-42-20-223:24782:24782 [1] NCCL INFO NET/OFI GUID for dev[6]: 00000000000000000a2a14df00000006
ip-10-42-20-223:24782:24782 [1] NCCL INFO NET/OFI GUID of rdmap167s0: 69635b4100009b01
ip-10-42-20-223:24782:24782 [1] NCCL INFO NET/OFI GUID for dev[7]: 00000000000000000a2a14df00000007
ip-10-42-20-223:24787:24787 [6] NCCL INFO NET/OFI Adding FI_EFA_FORK_SAFE=1 to environment
ip-10-42-20-223:24787:24787 [6] NCCL INFO NET/OFI Adding NCCL_BUFFSIZE=8388608 to environment
ip-10-42-20-223:24787:24787 [6] NCCL INFO NET/OFI Adding NCCL_NET_FORCE_FLUSH=0 to environment
ip-10-42-20-223:24787:24787 [6] NCCL INFO NET/OFI Adding NCCL_NVLSTREE_MAX_CHUNKSIZE=524288 to environment
ip-10-42-20-223:24787:24787 [6] NCCL INFO NET/OFI Adding NCCL_NVLS_CHUNKSIZE=524288 to environment
ip-10-42-20-223:24787:24787 [6] NCCL INFO NET/OFI Adding NCCL_P2P_NET_CHUNKSIZE=524288 to environment
ip-10-42-20-223:24787:24787 [6] NCCL INFO NET/OFI Adding NCCL_TOPO_FILE=/proc/self/fd/199 to environment
ip-10-42-20-223:24787:24787 [6] NCCL INFO NET/OFI Adding NCCL_TUNER_PLUGIN=libnccl-net.so to environment
ip-10-42-20-223:24787:24787 [6] NCCL INFO Initialized NET plugin Libfabric
ip-10-42-20-223:24787:24787 [6] NCCL INFO Assigned NET plugin Libfabric to comm
ip-10-42-20-223:24787:24787 [6] NCCL INFO Using network Libfabric
ip-10-42-20-223:24783:24783 [2] NCCL INFO NET/OFI Support for global registrations: true
ip-10-42-20-223:24783:24783 [2] NCCL INFO NET/OFI Support for DMA-BUF registrations: false
ip-10-42-20-223:24786:24786 [5] NCCL INFO NET/OFI Support for global registrations: true
ip-10-42-20-223:24786:24786 [5] NCCL INFO NET/OFI Support for DMA-BUF registrations: false
ip-10-42-20-223:24788:24788 [7] NCCL INFO NET/OFI Support for global registrations: true
ip-10-42-20-223:24788:24788 [7] NCCL INFO NET/OFI Support for DMA-BUF registrations: false
ip-10-42-20-223:24782:24782 [1] NCCL INFO NET/OFI Support for global registrations: true
ip-10-42-20-223:24782:24782 [1] NCCL INFO NET/OFI Support for DMA-BUF registrations: false
ip-10-42-20-223:24783:24783 [2] NCCL INFO NET/OFI Adding FI_EFA_FORK_SAFE=1 to environment
ip-10-42-20-223:24783:24783 [2] NCCL INFO NET/OFI Adding NCCL_BUFFSIZE=8388608 to environment
ip-10-42-20-223:24783:24783 [2] NCCL INFO NET/OFI Adding NCCL_NET_FORCE_FLUSH=0 to environment
ip-10-42-20-223:24783:24783 [2] NCCL INFO NET/OFI Adding NCCL_NVLSTREE_MAX_CHUNKSIZE=524288 to environment
ip-10-42-20-223:24783:24783 [2] NCCL INFO NET/OFI Adding NCCL_NVLS_CHUNKSIZE=524288 to environment
ip-10-42-20-223:24783:24783 [2] NCCL INFO NET/OFI Adding NCCL_P2P_NET_CHUNKSIZE=524288 to environment
ip-10-42-20-223:24783:24783 [2] NCCL INFO NET/OFI Adding NCCL_TOPO_FILE=/proc/self/fd/199 to environment
ip-10-42-20-223:24783:24783 [2] NCCL INFO NET/OFI Adding NCCL_TUNER_PLUGIN=libnccl-net.so to environment
ip-10-42-20-223:24783:24783 [2] NCCL INFO Initialized NET plugin Libfabric
ip-10-42-20-223:24783:24783 [2] NCCL INFO Assigned NET plugin Libfabric to comm
ip-10-42-20-223:24783:24783 [2] NCCL INFO Using network Libfabric
ip-10-42-20-223:24786:24786 [5] NCCL INFO NET/OFI Adding FI_EFA_FORK_SAFE=1 to environment
ip-10-42-20-223:24786:24786 [5] NCCL INFO NET/OFI Adding NCCL_BUFFSIZE=8388608 to environment
ip-10-42-20-223:24786:24786 [5] NCCL INFO NET/OFI Adding NCCL_NET_FORCE_FLUSH=0 to environment
ip-10-42-20-223:24786:24786 [5] NCCL INFO NET/OFI Adding NCCL_NVLSTREE_MAX_CHUNKSIZE=524288 to environment
ip-10-42-20-223:24786:24786 [5] NCCL INFO NET/OFI Adding NCCL_NVLS_CHUNKSIZE=524288 to environment
ip-10-42-20-223:24786:24786 [5] NCCL INFO NET/OFI Adding NCCL_P2P_NET_CHUNKSIZE=524288 to environment
ip-10-42-20-223:24786:24786 [5] NCCL INFO NET/OFI Adding NCCL_TOPO_FILE=/proc/self/fd/199 to environment
ip-10-42-20-223:24786:24786 [5] NCCL INFO NET/OFI Adding NCCL_TUNER_PLUGIN=libnccl-net.so to environment
ip-10-42-20-223:24786:24786 [5] NCCL INFO Initialized NET plugin Libfabric
ip-10-42-20-223:24786:24786 [5] NCCL INFO Assigned NET plugin Libfabric to comm
ip-10-42-20-223:24786:24786 [5] NCCL INFO Using network Libfabric
ip-10-42-20-223:24788:24788 [7] NCCL INFO NET/OFI Adding FI_EFA_FORK_SAFE=1 to environment
ip-10-42-20-223:24788:24788 [7] NCCL INFO NET/OFI Adding NCCL_BUFFSIZE=8388608 to environment
ip-10-42-20-223:24788:24788 [7] NCCL INFO NET/OFI Adding NCCL_NET_FORCE_FLUSH=0 to environment
ip-10-42-20-223:24788:24788 [7] NCCL INFO NET/OFI Adding NCCL_NVLSTREE_MAX_CHUNKSIZE=524288 to environment
ip-10-42-20-223:24788:24788 [7] NCCL INFO NET/OFI Adding NCCL_NVLS_CHUNKSIZE=524288 to environment
ip-10-42-20-223:24788:24788 [7] NCCL INFO NET/OFI Adding NCCL_P2P_NET_CHUNKSIZE=524288 to environment
ip-10-42-20-223:24788:24788 [7] NCCL INFO NET/OFI Adding NCCL_TOPO_FILE=/proc/self/fd/199 to environment
ip-10-42-20-223:24788:24788 [7] NCCL INFO NET/OFI Adding NCCL_TUNER_PLUGIN=libnccl-net.so to environment
ip-10-42-20-223:24788:24788 [7] NCCL INFO Initialized NET plugin Libfabric
ip-10-42-20-223:24788:24788 [7] NCCL INFO Assigned NET plugin Libfabric to comm
ip-10-42-20-223:24788:24788 [7] NCCL INFO Using network Libfabric
ip-10-42-20-223:24782:24782 [1] NCCL INFO NET/OFI Adding FI_EFA_FORK_SAFE=1 to environment
ip-10-42-20-223:24782:24782 [1] NCCL INFO NET/OFI Adding NCCL_BUFFSIZE=8388608 to environment
ip-10-42-20-223:24782:24782 [1] NCCL INFO NET/OFI Adding NCCL_NET_FORCE_FLUSH=0 to environment
ip-10-42-20-223:24782:24782 [1] NCCL INFO NET/OFI Adding NCCL_NVLSTREE_MAX_CHUNKSIZE=524288 to environment
ip-10-42-20-223:24782:24782 [1] NCCL INFO NET/OFI Adding NCCL_NVLS_CHUNKSIZE=524288 to environment
ip-10-42-20-223:24782:24782 [1] NCCL INFO NET/OFI Adding NCCL_P2P_NET_CHUNKSIZE=524288 to environment
ip-10-42-20-223:24782:24782 [1] NCCL INFO NET/OFI Adding NCCL_TOPO_FILE=/proc/self/fd/199 to environment
ip-10-42-20-223:24782:24782 [1] NCCL INFO NET/OFI Adding NCCL_TUNER_PLUGIN=libnccl-net.so to environment
ip-10-42-20-223:24782:24782 [1] NCCL INFO Initialized NET plugin Libfabric
ip-10-42-20-223:24782:24782 [1] NCCL INFO Assigned NET plugin Libfabric to comm
ip-10-42-20-223:24782:24782 [1] NCCL INFO Using network Libfabric
ip-10-42-20-223:24785:24785 [4] NCCL INFO DMA-BUF is available on GPU device 4
ip-10-42-20-223:24785:24785 [4] NCCL INFO ncclCommInitRankConfig comm 0x61dba2493d70 rank 12 nranks 16 cudaDev 4 nvmlDev 4 busId 97000 commId 0x5ee22ef0700ae41d - Init START
ip-10-42-20-223:24781:24781 [0] NCCL INFO DMA-BUF is available on GPU device 0
ip-10-42-20-223:24781:24781 [0] NCCL INFO ncclCommInitRankConfig comm 0x5cae3f366420 rank 8 nranks 16 cudaDev 0 nvmlDev 0 busId 53000 commId 0x5ee22ef0700ae41d - Init START
ip-10-42-20-223:24784:24784 [3] NCCL INFO DMA-BUF is available on GPU device 3
ip-10-42-20-223:24784:24784 [3] NCCL INFO ncclCommInitRankConfig comm 0x58735d1e3930 rank 11 nranks 16 cudaDev 3 nvmlDev 3 busId 86000 commId 0x5ee22ef0700ae41d - Init START
ip-10-42-20-223:24787:24787 [6] NCCL INFO DMA-BUF is available on GPU device 6
ip-10-42-20-223:24787:24787 [6] NCCL INFO ncclCommInitRankConfig comm 0x5609fed7d3f0 rank 14 nranks 16 cudaDev 6 nvmlDev 6 busId b9000 commId 0x5ee22ef0700ae41d - Init START
ip-10-42-20-223:24788:24788 [7] NCCL INFO DMA-BUF is available on GPU device 7
ip-10-42-20-223:24786:24786 [5] NCCL INFO DMA-BUF is available on GPU device 5
ip-10-42-20-223:24788:24788 [7] NCCL INFO ncclCommInitRankConfig comm 0x5ee4982d4ec0 rank 15 nranks 16 cudaDev 7 nvmlDev 7 busId ca000 commId 0x5ee22ef0700ae41d - Init START
ip-10-42-20-223:24786:24786 [5] NCCL INFO ncclCommInitRankConfig comm 0x5f8a1f73e2c0 rank 13 nranks 16 cudaDev 5 nvmlDev 5 busId a8000 commId 0x5ee22ef0700ae41d - Init START
ip-10-42-20-223:24786:24786 [5] NCCL INFO RAS client listening socket at 127.0.0.1<28028>
ip-10-42-20-223:24787:24787 [6] NCCL INFO RAS client listening socket at 127.0.0.1<28028>
ip-10-42-20-223:24785:24785 [4] NCCL INFO RAS client listening socket at 127.0.0.1<28028>
ip-10-42-20-223:24782:24782 [1] NCCL INFO DMA-BUF is available on GPU device 1
ip-10-42-20-223:24783:24783 [2] NCCL INFO DMA-BUF is available on GPU device 2
ip-10-42-20-223:24782:24782 [1] NCCL INFO ncclCommInitRankConfig comm 0x5b76f1f16db0 rank 9 nranks 16 cudaDev 1 nvmlDev 1 busId 64000 commId 0x5ee22ef0700ae41d - Init START
ip-10-42-20-223:24783:24783 [2] NCCL INFO ncclCommInitRankConfig comm 0x5ff7201cf420 rank 10 nranks 16 cudaDev 2 nvmlDev 2 busId 75000 commId 0x5ee22ef0700ae41d - Init START
ip-10-42-20-223:24782:24782 [1] NCCL INFO RAS client listening socket at 127.0.0.1<28028>
ip-10-42-20-223:24783:24783 [2] NCCL INFO RAS client listening socket at 127.0.0.1<28028>
ip-10-42-20-223:24784:24784 [3] NCCL INFO RAS client listening socket at 127.0.0.1<28028>
ip-10-42-20-111:24420:24420 [1] NCCL INFO NET/Plugin: Loaded net plugin Libfabric (v11)
ip-10-42-20-111:24420:24420 [1] NCCL INFO Successfully loaded external network plugin /opt/amazon/ofi-nccl/lib/libnccl-net.so
ip-10-42-20-111:24420:24420 [1] NCCL INFO NET/OFI Initializing aws-ofi-nccl 1.18.0
ip-10-42-20-111:24420:24420 [1] NCCL INFO NET/OFI Using Libfabric version 2.4
ip-10-42-20-111:24421:24421 [2] NCCL INFO NET/Plugin: Loaded net plugin Libfabric (v11)
ip-10-42-20-111:24421:24421 [2] NCCL INFO Successfully loaded external network plugin /opt/amazon/ofi-nccl/lib/libnccl-net.so
ip-10-42-20-111:24421:24421 [2] NCCL INFO NET/OFI Initializing aws-ofi-nccl 1.18.0
ip-10-42-20-111:24421:24421 [2] NCCL INFO NET/OFI Using Libfabric version 2.4
ip-10-42-20-111:24422:24422 [3] NCCL INFO NET/Plugin: Loaded net plugin Libfabric (v11)
ip-10-42-20-111:24422:24422 [3] NCCL INFO Successfully loaded external network plugin /opt/amazon/ofi-nccl/lib/libnccl-net.so
ip-10-42-20-111:24422:24422 [3] NCCL INFO NET/OFI Initializing aws-ofi-nccl 1.18.0
ip-10-42-20-111:24422:24422 [3] NCCL INFO NET/OFI Using Libfabric version 2.4
ip-10-42-20-111:24424:24424 [5] NCCL INFO NET/Plugin: Loaded net plugin Libfabric (v11)
ip-10-42-20-111:24424:24424 [5] NCCL INFO Successfully loaded external network plugin /opt/amazon/ofi-nccl/lib/libnccl-net.so
ip-10-42-20-111:24424:24424 [5] NCCL INFO NET/OFI Initializing aws-ofi-nccl 1.18.0
ip-10-42-20-111:24424:24424 [5] NCCL INFO NET/OFI Using Libfabric version 2.4
ip-10-42-20-111:24424:24424 [5] NCCL INFO NET/OFI Using CUDA driver version 13000 with runtime 12090
ip-10-42-20-111:24425:24425 [6] NCCL INFO NET/Plugin: Loaded net plugin Libfabric (v11)
ip-10-42-20-111:24425:24425 [6] NCCL INFO Successfully loaded external network plugin /opt/amazon/ofi-nccl/lib/libnccl-net.so
ip-10-42-20-111:24425:24425 [6] NCCL INFO NET/OFI Initializing aws-ofi-nccl 1.18.0
ip-10-42-20-111:24425:24425 [6] NCCL INFO NET/OFI Using Libfabric version 2.4
ip-10-42-20-111:24425:24425 [6] NCCL INFO NET/OFI Using CUDA driver version 13000 with runtime 12090
ip-10-42-20-111:24426:24426 [7] NCCL INFO NET/Plugin: Loaded net plugin Libfabric (v11)
ip-10-42-20-111:24426:24426 [7] NCCL INFO Successfully loaded external network plugin /opt/amazon/ofi-nccl/lib/libnccl-net.so
ip-10-42-20-111:24426:24426 [7] NCCL INFO NET/OFI Initializing aws-ofi-nccl 1.18.0
ip-10-42-20-111:24426:24426 [7] NCCL INFO NET/OFI Using Libfabric version 2.4
ip-10-42-20-111:24426:24426 [7] NCCL INFO NET/OFI Using CUDA driver version 13000 with runtime 12090
ip-10-42-20-111:24419:24419 [0] NCCL INFO NET/Plugin: Loaded net plugin Libfabric (v11)
ip-10-42-20-111:24419:24419 [0] NCCL INFO Successfully loaded external network plugin /opt/amazon/ofi-nccl/lib/libnccl-net.so
ip-10-42-20-111:24419:24419 [0] NCCL INFO NET/OFI Initializing aws-ofi-nccl 1.18.0
ip-10-42-20-111:24419:24419 [0] NCCL INFO NET/OFI Using Libfabric version 2.4
ip-10-42-20-111:24419:24419 [0] NCCL INFO NET/OFI Using CUDA driver version 13000 with runtime 12090
ip-10-42-20-111:24420:24420 [1] NCCL INFO NET/OFI Using CUDA driver version 13000 with runtime 12090
ip-10-42-20-111:24421:24421 [2] NCCL INFO NET/OFI Using CUDA driver version 13000 with runtime 12090
ip-10-42-20-111:24422:24422 [3] NCCL INFO NET/OFI Using CUDA driver version 13000 with runtime 12090
ip-10-42-20-111:24423:24423 [4] NCCL INFO NET/Plugin: Loaded net plugin Libfabric (v11)
ip-10-42-20-111:24423:24423 [4] NCCL INFO Successfully loaded external network plugin /opt/amazon/ofi-nccl/lib/libnccl-net.so
ip-10-42-20-111:24423:24423 [4] NCCL INFO NET/OFI Initializing aws-ofi-nccl 1.18.0
ip-10-42-20-111:24423:24423 [4] NCCL INFO NET/OFI Using Libfabric version 2.4
ip-10-42-20-111:24423:24423 [4] NCCL INFO NET/OFI Using CUDA driver version 13000 with runtime 12090
ip-10-42-20-111:24420:24420 [1] NCCL INFO NET/OFI Plugin selected platform: AWS
ip-10-42-20-111:24420:24420 [1] NCCL INFO NET/OFI Configuring AWS-specific options
ip-10-42-20-111:24420:24420 [1] NCCL INFO NET/OFI Internode latency set at 75.0 us
ip-10-42-20-111:24420:24420 [1] NCCL INFO NET/OFI Using transport protocol RDMA (platform set)
ip-10-42-20-111:24420:24420 [1] NCCL INFO NET/OFI Selected provider is efa, fabric is efa-direct (found 32 nics)
ip-10-42-20-111:24420:24420 [1] NCCL INFO NET/OFI NIC group 0 device #0 0000:74:00.0
ip-10-42-20-111:24420:24420 [1] NCCL INFO NET/OFI NIC group 0 device #1 0000:73:00.0
ip-10-42-20-111:24420:24420 [1] NCCL INFO NET/OFI NIC group 0 device #2 0000:72:00.0
ip-10-42-20-111:24420:24420 [1] NCCL INFO NET/OFI NIC group 0 device #3 0000:71:00.0
ip-10-42-20-111:24420:24420 [1] NCCL INFO NET/OFI NIC group 1 device #0 0000:85:00.0
ip-10-42-20-111:24420:24420 [1] NCCL INFO NET/OFI NIC group 1 device #1 0000:84:00.0
ip-10-42-20-111:24420:24420 [1] NCCL INFO NET/OFI NIC group 1 device #2 0000:83:00.0
ip-10-42-20-111:24420:24420 [1] NCCL INFO NET/OFI NIC group 1 device #3 0000:82:00.0
ip-10-42-20-111:24420:24420 [1] NCCL INFO NET/OFI NIC group 2 device #0 0000:52:00.0
ip-10-42-20-111:24420:24420 [1] NCCL INFO NET/OFI NIC group 2 device #1 0000:51:00.0
ip-10-42-20-111:24420:24420 [1] NCCL INFO NET/OFI NIC group 2 device #2 0000:50:00.0
ip-10-42-20-111:24420:24420 [1] NCCL INFO NET/OFI NIC group 2 device #3 0000:4f:00.0
ip-10-42-20-111:24420:24420 [1] NCCL INFO NET/OFI NIC group 3 device #0 0000:63:00.0
ip-10-42-20-111:24420:24420 [1] NCCL INFO NET/OFI NIC group 3 device #1 0000:62:00.0
ip-10-42-20-111:24420:24420 [1] NCCL INFO NET/OFI NIC group 3 device #2 0000:61:00.0
ip-10-42-20-111:24420:24420 [1] NCCL INFO NET/OFI NIC group 3 device #3 0000:60:00.0
ip-10-42-20-111:24420:24420 [1] NCCL INFO NET/OFI NIC group 4 device #0 0000:b8:00.0
ip-10-42-20-111:24420:24420 [1] NCCL INFO NET/OFI NIC group 4 device #1 0000:b7:00.0
ip-10-42-20-111:24420:24420 [1] NCCL INFO NET/OFI NIC group 4 device #2 0000:b6:00.0
ip-10-42-20-111:24420:24420 [1] NCCL INFO NET/OFI NIC group 4 device #3 0000:b5:00.0
ip-10-42-20-111:24420:24420 [1] NCCL INFO NET/OFI NIC group 5 device #0 0000:c9:00.0
ip-10-42-20-111:24420:24420 [1] NCCL INFO NET/OFI NIC group 5 device #1 0000:c8:00.0
ip-10-42-20-111:24420:24420 [1] NCCL INFO NET/OFI NIC group 5 device #2 0000:c7:00.0
ip-10-42-20-111:24420:24420 [1] NCCL INFO NET/OFI NIC group 5 device #3 0000:c6:00.0
ip-10-42-20-111:24420:24420 [1] NCCL INFO NET/OFI NIC group 6 device #0 0000:96:00.0
ip-10-42-20-111:24420:24420 [1] NCCL INFO NET/OFI NIC group 6 device #1 0000:95:00.0
ip-10-42-20-111:24420:24420 [1] NCCL INFO NET/OFI NIC group 6 device #2 0000:94:00.0
ip-10-42-20-111:24420:24420 [1] NCCL INFO NET/OFI NIC group 6 device #3 0000:93:00.0
ip-10-42-20-111:24420:24420 [1] NCCL INFO NET/OFI NIC group 7 device #0 0000:a7:00.0
ip-10-42-20-111:24420:24420 [1] NCCL INFO NET/OFI NIC group 7 device #1 0000:a6:00.0
ip-10-42-20-111:24420:24420 [1] NCCL INFO NET/OFI NIC group 7 device #2 0000:a5:00.0
ip-10-42-20-111:24420:24420 [1] NCCL INFO NET/OFI NIC group 7 device #3 0000:a4:00.0
ip-10-42-20-111:24420:24420 [1] NCCL INFO NET/OFI GUID of rdmap116s0: 1d94258900004a00
ip-10-42-20-111:24420:24420 [1] NCCL INFO NET/OFI GUID for dev[0]: 00000000000000000a2a146f00000000
ip-10-42-20-111:24420:24420 [1] NCCL INFO NET/OFI GUID of rdmap133s0: af8bbe4c00005d00
ip-10-42-20-111:24420:24420 [1] NCCL INFO NET/OFI GUID for dev[1]: 00000000000000000a2a146f00000001
ip-10-42-20-111:24420:24420 [1] NCCL INFO NET/OFI GUID of rdmap82s0: d16cafd500000501
ip-10-42-20-111:24420:24420 [1] NCCL INFO NET/OFI GUID for dev[2]: 00000000000000000a2a146f00000002
ip-10-42-20-111:24420:24420 [1] NCCL INFO NET/OFI GUID of rdmap99s0: fbcded6400001c00
ip-10-42-20-111:24420:24420 [1] NCCL INFO NET/OFI GUID for dev[3]: 00000000000000000a2a146f00000003
ip-10-42-20-111:24420:24420 [1] NCCL INFO NET/OFI GUID of rdmap184s0: 97d3112c0000be00
ip-10-42-20-111:24420:24420 [1] NCCL INFO NET/OFI GUID for dev[4]: 00000000000000000a2a146f00000004
ip-10-42-20-111:24420:24420 [1] NCCL INFO NET/OFI GUID of rdmap201s0: 574651b20000d601
ip-10-42-20-111:24420:24420 [1] NCCL INFO NET/OFI GUID for dev[5]: 00000000000000000a2a146f00000005
ip-10-42-20-111:24420:24420 [1] NCCL INFO NET/OFI GUID of rdmap150s0: 3147e36600008700
ip-10-42-20-111:24420:24420 [1] NCCL INFO NET/OFI GUID for dev[6]: 00000000000000000a2a146f00000006
ip-10-42-20-111:24420:24420 [1] NCCL INFO NET/OFI GUID of rdmap167s0: 0b53543b00009b01
ip-10-42-20-111:24420:24420 [1] NCCL INFO NET/OFI GUID for dev[7]: 00000000000000000a2a146f00000007
ip-10-42-20-111:24424:24424 [5] NCCL INFO NET/OFI Plugin selected platform: AWS
ip-10-42-20-111:24424:24424 [5] NCCL INFO NET/OFI Configuring AWS-specific options
ip-10-42-20-111:24424:24424 [5] NCCL INFO NET/OFI Internode latency set at 75.0 us
ip-10-42-20-111:24424:24424 [5] NCCL INFO NET/OFI Using transport protocol RDMA (platform set)
ip-10-42-20-111:24424:24424 [5] NCCL INFO NET/OFI Selected provider is efa, fabric is efa-direct (found 32 nics)
ip-10-42-20-111:24424:24424 [5] NCCL INFO NET/OFI NIC group 0 device #0 0000:74:00.0
ip-10-42-20-111:24424:24424 [5] NCCL INFO NET/OFI NIC group 0 device #1 0000:73:00.0
ip-10-42-20-111:24424:24424 [5] NCCL INFO NET/OFI NIC group 0 device #2 0000:72:00.0
ip-10-42-20-111:24424:24424 [5] NCCL INFO NET/OFI NIC group 0 device #3 0000:71:00.0
ip-10-42-20-111:24424:24424 [5] NCCL INFO NET/OFI NIC group 1 device #0 0000:85:00.0
ip-10-42-20-111:24424:24424 [5] NCCL INFO NET/OFI NIC group 1 device #1 0000:84:00.0
ip-10-42-20-111:24424:24424 [5] NCCL INFO NET/OFI NIC group 1 device #2 0000:83:00.0
ip-10-42-20-111:24424:24424 [5] NCCL INFO NET/OFI NIC group 1 device #3 0000:82:00.0
ip-10-42-20-111:24424:24424 [5] NCCL INFO NET/OFI NIC group 2 device #0 0000:52:00.0
ip-10-42-20-111:24424:24424 [5] NCCL INFO NET/OFI NIC group 2 device #1 0000:51:00.0
ip-10-42-20-111:24424:24424 [5] NCCL INFO NET/OFI NIC group 2 device #2 0000:50:00.0
ip-10-42-20-111:24424:24424 [5] NCCL INFO NET/OFI NIC group 2 device #3 0000:4f:00.0
ip-10-42-20-111:24424:24424 [5] NCCL INFO NET/OFI NIC group 3 device #0 0000:63:00.0
ip-10-42-20-111:24424:24424 [5] NCCL INFO NET/OFI NIC group 3 device #1 0000:62:00.0
ip-10-42-20-111:24424:24424 [5] NCCL INFO NET/OFI NIC group 3 device #2 0000:61:00.0
ip-10-42-20-111:24424:24424 [5] NCCL INFO NET/OFI NIC group 3 device #3 0000:60:00.0
ip-10-42-20-111:24424:24424 [5] NCCL INFO NET/OFI NIC group 4 device #0 0000:b8:00.0
ip-10-42-20-111:24424:24424 [5] NCCL INFO NET/OFI NIC group 4 device #1 0000:b7:00.0
ip-10-42-20-111:24424:24424 [5] NCCL INFO NET/OFI NIC group 4 device #2 0000:b6:00.0
ip-10-42-20-111:24424:24424 [5] NCCL INFO NET/OFI NIC group 4 device #3 0000:b5:00.0
ip-10-42-20-111:24424:24424 [5] NCCL INFO NET/OFI NIC group 5 device #0 0000:c9:00.0
ip-10-42-20-111:24424:24424 [5] NCCL INFO NET/OFI NIC group 5 device #1 0000:c8:00.0
ip-10-42-20-111:24424:24424 [5] NCCL INFO NET/OFI NIC group 5 device #2 0000:c7:00.0
ip-10-42-20-111:24424:24424 [5] NCCL INFO NET/OFI NIC group 5 device #3 0000:c6:00.0
ip-10-42-20-111:24424:24424 [5] NCCL INFO NET/OFI NIC group 6 device #0 0000:96:00.0
ip-10-42-20-111:24424:24424 [5] NCCL INFO NET/OFI NIC group 6 device #1 0000:95:00.0
ip-10-42-20-111:24424:24424 [5] NCCL INFO NET/OFI NIC group 6 device #2 0000:94:00.0
ip-10-42-20-111:24424:24424 [5] NCCL INFO NET/OFI NIC group 6 device #3 0000:93:00.0
ip-10-42-20-111:24424:24424 [5] NCCL INFO NET/OFI NIC group 7 device #0 0000:a7:00.0
ip-10-42-20-111:24424:24424 [5] NCCL INFO NET/OFI NIC group 7 device #1 0000:a6:00.0
ip-10-42-20-111:24424:24424 [5] NCCL INFO NET/OFI NIC group 7 device #2 0000:a5:00.0
ip-10-42-20-111:24424:24424 [5] NCCL INFO NET/OFI NIC group 7 device #3 0000:a4:00.0
ip-10-42-20-111:24424:24424 [5] NCCL INFO NET/OFI GUID of rdmap116s0: 1d94258900004a00
ip-10-42-20-111:24424:24424 [5] NCCL INFO NET/OFI GUID for dev[0]: 00000000000000000a2a146f00000000
ip-10-42-20-111:24424:24424 [5] NCCL INFO NET/OFI GUID of rdmap133s0: af8bbe4c00005d00
ip-10-42-20-111:24424:24424 [5] NCCL INFO NET/OFI GUID for dev[1]: 00000000000000000a2a146f00000001
ip-10-42-20-111:24424:24424 [5] NCCL INFO NET/OFI GUID of rdmap82s0: d16cafd500000501
ip-10-42-20-111:24424:24424 [5] NCCL INFO NET/OFI GUID for dev[2]: 00000000000000000a2a146f00000002
ip-10-42-20-111:24424:24424 [5] NCCL INFO NET/OFI GUID of rdmap99s0: fbcded6400001c00
ip-10-42-20-111:24424:24424 [5] NCCL INFO NET/OFI GUID for dev[3]: 00000000000000000a2a146f00000003
ip-10-42-20-111:24425:24425 [6] NCCL INFO NET/OFI Plugin selected platform: AWS
ip-10-42-20-111:24425:24425 [6] NCCL INFO NET/OFI Configuring AWS-specific options
ip-10-42-20-111:24425:24425 [6] NCCL INFO NET/OFI Internode latency set at 75.0 us
ip-10-42-20-111:24425:24425 [6] NCCL INFO NET/OFI Using transport protocol RDMA (platform set)
ip-10-42-20-111:24424:24424 [5] NCCL INFO NET/OFI GUID of rdmap184s0: 97d3112c0000be00
ip-10-42-20-111:24425:24425 [6] NCCL INFO NET/OFI Selected provider is efa, fabric is efa-direct (found 32 nics)
ip-10-42-20-111:24424:24424 [5] NCCL INFO NET/OFI GUID for dev[4]: 00000000000000000a2a146f00000004
ip-10-42-20-111:24425:24425 [6] NCCL INFO NET/OFI NIC group 0 device #0 0000:74:00.0
ip-10-42-20-111:24425:24425 [6] NCCL INFO NET/OFI NIC group 0 device #1 0000:73:00.0
ip-10-42-20-111:24425:24425 [6] NCCL INFO NET/OFI NIC group 0 device #2 0000:72:00.0
ip-10-42-20-111:24425:24425 [6] NCCL INFO NET/OFI NIC group 0 device #3 0000:71:00.0
ip-10-42-20-111:24425:24425 [6] NCCL INFO NET/OFI NIC group 1 device #0 0000:85:00.0
ip-10-42-20-111:24425:24425 [6] NCCL INFO NET/OFI NIC group 1 device #1 0000:84:00.0
ip-10-42-20-111:24425:24425 [6] NCCL INFO NET/OFI NIC group 1 device #2 0000:83:00.0
ip-10-42-20-111:24425:24425 [6] NCCL INFO NET/OFI NIC group 1 device #3 0000:82:00.0
ip-10-42-20-111:24425:24425 [6] NCCL INFO NET/OFI NIC group 2 device #0 0000:52:00.0
ip-10-42-20-111:24425:24425 [6] NCCL INFO NET/OFI NIC group 2 device #1 0000:51:00.0
ip-10-42-20-111:24425:24425 [6] NCCL INFO NET/OFI NIC group 2 device #2 0000:50:00.0
ip-10-42-20-111:24425:24425 [6] NCCL INFO NET/OFI NIC group 2 device #3 0000:4f:00.0
ip-10-42-20-111:24425:24425 [6] NCCL INFO NET/OFI NIC group 3 device #0 0000:63:00.0
ip-10-42-20-111:24425:24425 [6] NCCL INFO NET/OFI NIC group 3 device #1 0000:62:00.0
ip-10-42-20-111:24425:24425 [6] NCCL INFO NET/OFI NIC group 3 device #2 0000:61:00.0
ip-10-42-20-111:24425:24425 [6] NCCL INFO NET/OFI NIC group 3 device #3 0000:60:00.0
ip-10-42-20-111:24425:24425 [6] NCCL INFO NET/OFI NIC group 4 device #0 0000:b8:00.0
ip-10-42-20-111:24425:24425 [6] NCCL INFO NET/OFI NIC group 4 device #1 0000:b7:00.0
ip-10-42-20-111:24425:24425 [6] NCCL INFO NET/OFI NIC group 4 device #2 0000:b6:00.0
ip-10-42-20-111:24425:24425 [6] NCCL INFO NET/OFI NIC group 4 device #3 0000:b5:00.0
ip-10-42-20-111:24425:24425 [6] NCCL INFO NET/OFI NIC group 5 device #0 0000:c9:00.0
ip-10-42-20-111:24425:24425 [6] NCCL INFO NET/OFI NIC group 5 device #1 0000:c8:00.0
ip-10-42-20-111:24425:24425 [6] NCCL INFO NET/OFI NIC group 5 device #2 0000:c7:00.0
ip-10-42-20-111:24425:24425 [6] NCCL INFO NET/OFI NIC group 5 device #3 0000:c6:00.0
ip-10-42-20-111:24425:24425 [6] NCCL INFO NET/OFI NIC group 6 device #0 0000:96:00.0
ip-10-42-20-111:24425:24425 [6] NCCL INFO NET/OFI NIC group 6 device #1 0000:95:00.0
ip-10-42-20-111:24425:24425 [6] NCCL INFO NET/OFI NIC group 6 device #2 0000:94:00.0
ip-10-42-20-111:24425:24425 [6] NCCL INFO NET/OFI NIC group 6 device #3 0000:93:00.0
ip-10-42-20-111:24425:24425 [6] NCCL INFO NET/OFI NIC group 7 device #0 0000:a7:00.0
ip-10-42-20-111:24425:24425 [6] NCCL INFO NET/OFI NIC group 7 device #1 0000:a6:00.0
ip-10-42-20-111:24425:24425 [6] NCCL INFO NET/OFI NIC group 7 device #2 0000:a5:00.0
ip-10-42-20-111:24425:24425 [6] NCCL INFO NET/OFI NIC group 7 device #3 0000:a4:00.0
ip-10-42-20-111:24420:24420 [1] NCCL INFO NET/OFI Support for global registrations: true
ip-10-42-20-111:24420:24420 [1] NCCL INFO NET/OFI Support for DMA-BUF registrations: false
ip-10-42-20-111:24424:24424 [5] NCCL INFO NET/OFI GUID of rdmap201s0: 574651b20000d601
ip-10-42-20-111:24424:24424 [5] NCCL INFO NET/OFI GUID for dev[5]: 00000000000000000a2a146f00000005
ip-10-42-20-111:24425:24425 [6] NCCL INFO NET/OFI GUID of rdmap116s0: 1d94258900004a00
ip-10-42-20-111:24425:24425 [6] NCCL INFO NET/OFI GUID for dev[0]: 00000000000000000a2a146f00000000
ip-10-42-20-111:24424:24424 [5] NCCL INFO NET/OFI GUID of rdmap150s0: 3147e36600008700
ip-10-42-20-111:24424:24424 [5] NCCL INFO NET/OFI GUID for dev[6]: 00000000000000000a2a146f00000006
ip-10-42-20-111:24422:24422 [3] NCCL INFO NET/OFI Plugin selected platform: AWS
ip-10-42-20-111:24422:24422 [3] NCCL INFO NET/OFI Configuring AWS-specific options
ip-10-42-20-111:24422:24422 [3] NCCL INFO NET/OFI Internode latency set at 75.0 us
ip-10-42-20-111:24422:24422 [3] NCCL INFO NET/OFI Using transport protocol RDMA (platform set)
ip-10-42-20-111:24425:24425 [6] NCCL INFO NET/OFI GUID of rdmap133s0: af8bbe4c00005d00
ip-10-42-20-111:24422:24422 [3] NCCL INFO NET/OFI Selected provider is efa, fabric is efa-direct (found 32 nics)
ip-10-42-20-111:24422:24422 [3] NCCL INFO NET/OFI NIC group 0 device #0 0000:74:00.0
ip-10-42-20-111:24422:24422 [3] NCCL INFO NET/OFI NIC group 0 device #1 0000:73:00.0
ip-10-42-20-111:24422:24422 [3] NCCL INFO NET/OFI NIC group 0 device #2 0000:72:00.0
ip-10-42-20-111:24422:24422 [3] NCCL INFO NET/OFI NIC group 0 device #3 0000:71:00.0
ip-10-42-20-111:24422:24422 [3] NCCL INFO NET/OFI NIC group 1 device #0 0000:85:00.0
ip-10-42-20-111:24422:24422 [3] NCCL INFO NET/OFI NIC group 1 device #1 0000:84:00.0
ip-10-42-20-111:24422:24422 [3] NCCL INFO NET/OFI NIC group 1 device #2 0000:83:00.0
ip-10-42-20-111:24422:24422 [3] NCCL INFO NET/OFI NIC group 1 device #3 0000:82:00.0
ip-10-42-20-111:24422:24422 [3] NCCL INFO NET/OFI NIC group 2 device #0 0000:52:00.0
ip-10-42-20-111:24422:24422 [3] NCCL INFO NET/OFI NIC group 2 device #1 0000:51:00.0
ip-10-42-20-111:24422:24422 [3] NCCL INFO NET/OFI NIC group 2 device #2 0000:50:00.0
ip-10-42-20-111:24422:24422 [3] NCCL INFO NET/OFI NIC group 2 device #3 0000:4f:00.0
ip-10-42-20-111:24422:24422 [3] NCCL INFO NET/OFI NIC group 3 device #0 0000:63:00.0
ip-10-42-20-111:24422:24422 [3] NCCL INFO NET/OFI NIC group 3 device #1 0000:62:00.0
ip-10-42-20-111:24422:24422 [3] NCCL INFO NET/OFI NIC group 3 device #2 0000:61:00.0
ip-10-42-20-111:24422:24422 [3] NCCL INFO NET/OFI NIC group 3 device #3 0000:60:00.0
ip-10-42-20-111:24422:24422 [3] NCCL INFO NET/OFI NIC group 4 device #0 0000:b8:00.0
ip-10-42-20-111:24422:24422 [3] NCCL INFO NET/OFI NIC group 4 device #1 0000:b7:00.0
ip-10-42-20-111:24422:24422 [3] NCCL INFO NET/OFI NIC group 4 device #2 0000:b6:00.0
ip-10-42-20-111:24422:24422 [3] NCCL INFO NET/OFI NIC group 4 device #3 0000:b5:00.0
ip-10-42-20-111:24422:24422 [3] NCCL INFO NET/OFI NIC group 5 device #0 0000:c9:00.0
ip-10-42-20-111:24422:24422 [3] NCCL INFO NET/OFI NIC group 5 device #1 0000:c8:00.0
ip-10-42-20-111:24422:24422 [3] NCCL INFO NET/OFI NIC group 5 device #2 0000:c7:00.0
ip-10-42-20-111:24422:24422 [3] NCCL INFO NET/OFI NIC group 5 device #3 0000:c6:00.0
ip-10-42-20-111:24422:24422 [3] NCCL INFO NET/OFI NIC group 6 device #0 0000:96:00.0
ip-10-42-20-111:24425:24425 [6] NCCL INFO NET/OFI GUID for dev[1]: 00000000000000000a2a146f00000001
ip-10-42-20-111:24422:24422 [3] NCCL INFO NET/OFI NIC group 6 device #1 0000:95:00.0
ip-10-42-20-111:24422:24422 [3] NCCL INFO NET/OFI NIC group 6 device #2 0000:94:00.0
ip-10-42-20-111:24422:24422 [3] NCCL INFO NET/OFI NIC group 6 device #3 0000:93:00.0
ip-10-42-20-111:24422:24422 [3] NCCL INFO NET/OFI NIC group 7 device #0 0000:a7:00.0
ip-10-42-20-111:24422:24422 [3] NCCL INFO NET/OFI NIC group 7 device #1 0000:a6:00.0
ip-10-42-20-111:24422:24422 [3] NCCL INFO NET/OFI NIC group 7 device #2 0000:a5:00.0
ip-10-42-20-111:24422:24422 [3] NCCL INFO NET/OFI NIC group 7 device #3 0000:a4:00.0
ip-10-42-20-111:24424:24424 [5] NCCL INFO NET/OFI GUID of rdmap167s0: 0b53543b00009b01
ip-10-42-20-111:24424:24424 [5] NCCL INFO NET/OFI GUID for dev[7]: 00000000000000000a2a146f00000007
ip-10-42-20-111:24425:24425 [6] NCCL INFO NET/OFI GUID of rdmap82s0: d16cafd500000501
ip-10-42-20-111:24425:24425 [6] NCCL INFO NET/OFI GUID for dev[2]: 00000000000000000a2a146f00000002
ip-10-42-20-111:24422:24422 [3] NCCL INFO NET/OFI GUID of rdmap116s0: 1d94258900004a00
ip-10-42-20-111:24422:24422 [3] NCCL INFO NET/OFI GUID for dev[0]: 00000000000000000a2a146f00000000
ip-10-42-20-111:24426:24426 [7] NCCL INFO NET/OFI Plugin selected platform: AWS
ip-10-42-20-111:24426:24426 [7] NCCL INFO NET/OFI Configuring AWS-specific options
ip-10-42-20-111:24426:24426 [7] NCCL INFO NET/OFI Internode latency set at 75.0 us
ip-10-42-20-111:24426:24426 [7] NCCL INFO NET/OFI Using transport protocol RDMA (platform set)
ip-10-42-20-111:24423:24423 [4] NCCL INFO NET/OFI Plugin selected platform: AWS
ip-10-42-20-111:24423:24423 [4] NCCL INFO NET/OFI Configuring AWS-specific options
ip-10-42-20-111:24425:24425 [6] NCCL INFO NET/OFI GUID of rdmap99s0: fbcded6400001c00
ip-10-42-20-111:24426:24426 [7] NCCL INFO NET/OFI Selected provider is efa, fabric is efa-direct (found 32 nics)
ip-10-42-20-111:24426:24426 [7] NCCL INFO NET/OFI NIC group 0 device #0 0000:74:00.0
ip-10-42-20-111:24426:24426 [7] NCCL INFO NET/OFI NIC group 0 device #1 0000:73:00.0
ip-10-42-20-111:24426:24426 [7] NCCL INFO NET/OFI NIC group 0 device #2 0000:72:00.0
ip-10-42-20-111:24426:24426 [7] NCCL INFO NET/OFI NIC group 0 device #3 0000:71:00.0
ip-10-42-20-111:24426:24426 [7] NCCL INFO NET/OFI NIC group 1 device #0 0000:85:00.0
ip-10-42-20-111:24426:24426 [7] NCCL INFO NET/OFI NIC group 1 device #1 0000:84:00.0
ip-10-42-20-111:24426:24426 [7] NCCL INFO NET/OFI NIC group 1 device #2 0000:83:00.0
ip-10-42-20-111:24426:24426 [7] NCCL INFO NET/OFI NIC group 1 device #3 0000:82:00.0
ip-10-42-20-111:24426:24426 [7] NCCL INFO NET/OFI NIC group 2 device #0 0000:52:00.0
ip-10-42-20-111:24426:24426 [7] NCCL INFO NET/OFI NIC group 2 device #1 0000:51:00.0
ip-10-42-20-111:24426:24426 [7] NCCL INFO NET/OFI NIC group 2 device #2 0000:50:00.0
ip-10-42-20-111:24423:24423 [4] NCCL INFO NET/OFI Internode latency set at 75.0 us
ip-10-42-20-111:24423:24423 [4] NCCL INFO NET/OFI Using transport protocol RDMA (platform set)
ip-10-42-20-111:24426:24426 [7] NCCL INFO NET/OFI NIC group 2 device #3 0000:4f:00.0
ip-10-42-20-111:24426:24426 [7] NCCL INFO NET/OFI NIC group 3 device #0 0000:63:00.0
ip-10-42-20-111:24426:24426 [7] NCCL INFO NET/OFI NIC group 3 device #1 0000:62:00.0
ip-10-42-20-111:24426:24426 [7] NCCL INFO NET/OFI NIC group 3 device #2 0000:61:00.0
ip-10-42-20-111:24426:24426 [7] NCCL INFO NET/OFI NIC group 3 device #3 0000:60:00.0
ip-10-42-20-111:24426:24426 [7] NCCL INFO NET/OFI NIC group 4 device #0 0000:b8:00.0
ip-10-42-20-111:24426:24426 [7] NCCL INFO NET/OFI NIC group 4 device #1 0000:b7:00.0
ip-10-42-20-111:24426:24426 [7] NCCL INFO NET/OFI NIC group 4 device #2 0000:b6:00.0
ip-10-42-20-111:24426:24426 [7] NCCL INFO NET/OFI NIC group 4 device #3 0000:b5:00.0
ip-10-42-20-111:24426:24426 [7] NCCL INFO NET/OFI NIC group 5 device #0 0000:c9:00.0
ip-10-42-20-111:24426:24426 [7] NCCL INFO NET/OFI NIC group 5 device #1 0000:c8:00.0
ip-10-42-20-111:24426:24426 [7] NCCL INFO NET/OFI NIC group 5 device #2 0000:c7:00.0
ip-10-42-20-111:24426:24426 [7] NCCL INFO NET/OFI NIC group 5 device #3 0000:c6:00.0
ip-10-42-20-111:24426:24426 [7] NCCL INFO NET/OFI NIC group 6 device #0 0000:96:00.0
ip-10-42-20-111:24426:24426 [7] NCCL INFO NET/OFI NIC group 6 device #1 0000:95:00.0
ip-10-42-20-111:24426:24426 [7] NCCL INFO NET/OFI NIC group 6 device #2 0000:94:00.0
ip-10-42-20-111:24426:24426 [7] NCCL INFO NET/OFI NIC group 6 device #3 0000:93:00.0
ip-10-42-20-111:24426:24426 [7] NCCL INFO NET/OFI NIC group 7 device #0 0000:a7:00.0
ip-10-42-20-111:24426:24426 [7] NCCL INFO NET/OFI NIC group 7 device #1 0000:a6:00.0
ip-10-42-20-111:24426:24426 [7] NCCL INFO NET/OFI NIC group 7 device #2 0000:a5:00.0
ip-10-42-20-111:24426:24426 [7] NCCL INFO NET/OFI NIC group 7 device #3 0000:a4:00.0
ip-10-42-20-111:24425:24425 [6] NCCL INFO NET/OFI GUID for dev[3]: 00000000000000000a2a146f00000003
ip-10-42-20-111:24423:24423 [4] NCCL INFO NET/OFI Selected provider is efa, fabric is efa-direct (found 32 nics)
ip-10-42-20-111:24423:24423 [4] NCCL INFO NET/OFI NIC group 0 device #0 0000:74:00.0
ip-10-42-20-111:24423:24423 [4] NCCL INFO NET/OFI NIC group 0 device #1 0000:73:00.0
ip-10-42-20-111:24423:24423 [4] NCCL INFO NET/OFI NIC group 0 device #2 0000:72:00.0
ip-10-42-20-111:24423:24423 [4] NCCL INFO NET/OFI NIC group 0 device #3 0000:71:00.0
ip-10-42-20-111:24423:24423 [4] NCCL INFO NET/OFI NIC group 1 device #0 0000:85:00.0
ip-10-42-20-111:24423:24423 [4] NCCL INFO NET/OFI NIC group 1 device #1 0000:84:00.0
ip-10-42-20-111:24423:24423 [4] NCCL INFO NET/OFI NIC group 1 device #2 0000:83:00.0
ip-10-42-20-111:24423:24423 [4] NCCL INFO NET/OFI NIC group 1 device #3 0000:82:00.0
ip-10-42-20-111:24423:24423 [4] NCCL INFO NET/OFI NIC group 2 device #0 0000:52:00.0
ip-10-42-20-111:24422:24422 [3] NCCL INFO NET/OFI GUID of rdmap133s0: af8bbe4c00005d00
ip-10-42-20-111:24423:24423 [4] NCCL INFO NET/OFI NIC group 2 device #1 0000:51:00.0
ip-10-42-20-111:24423:24423 [4] NCCL INFO NET/OFI NIC group 2 device #2 0000:50:00.0
ip-10-42-20-111:24423:24423 [4] NCCL INFO NET/OFI NIC group 2 device #3 0000:4f:00.0
ip-10-42-20-111:24423:24423 [4] NCCL INFO NET/OFI NIC group 3 device #0 0000:63:00.0
ip-10-42-20-111:24423:24423 [4] NCCL INFO NET/OFI NIC group 3 device #1 0000:62:00.0
ip-10-42-20-111:24423:24423 [4] NCCL INFO NET/OFI NIC group 3 device #2 0000:61:00.0
ip-10-42-20-111:24423:24423 [4] NCCL INFO NET/OFI NIC group 3 device #3 0000:60:00.0
ip-10-42-20-111:24423:24423 [4] NCCL INFO NET/OFI NIC group 4 device #0 0000:b8:00.0
ip-10-42-20-111:24423:24423 [4] NCCL INFO NET/OFI NIC group 4 device #1 0000:b7:00.0
ip-10-42-20-111:24423:24423 [4] NCCL INFO NET/OFI NIC group 4 device #2 0000:b6:00.0
ip-10-42-20-111:24423:24423 [4] NCCL INFO NET/OFI NIC group 4 device #3 0000:b5:00.0
ip-10-42-20-111:24423:24423 [4] NCCL INFO NET/OFI NIC group 5 device #0 0000:c9:00.0
ip-10-42-20-111:24423:24423 [4] NCCL INFO NET/OFI NIC group 5 device #1 0000:c8:00.0
ip-10-42-20-111:24423:24423 [4] NCCL INFO NET/OFI NIC group 5 device #2 0000:c7:00.0
ip-10-42-20-111:24423:24423 [4] NCCL INFO NET/OFI NIC group 5 device #3 0000:c6:00.0
ip-10-42-20-111:24423:24423 [4] NCCL INFO NET/OFI NIC group 6 device #0 0000:96:00.0
ip-10-42-20-111:24423:24423 [4] NCCL INFO NET/OFI NIC group 6 device #1 0000:95:00.0
ip-10-42-20-111:24423:24423 [4] NCCL INFO NET/OFI NIC group 6 device #2 0000:94:00.0
ip-10-42-20-111:24423:24423 [4] NCCL INFO NET/OFI NIC group 6 device #3 0000:93:00.0
ip-10-42-20-111:24423:24423 [4] NCCL INFO NET/OFI NIC group 7 device #0 0000:a7:00.0
ip-10-42-20-111:24423:24423 [4] NCCL INFO NET/OFI NIC group 7 device #1 0000:a6:00.0
ip-10-42-20-111:24423:24423 [4] NCCL INFO NET/OFI NIC group 7 device #2 0000:a5:00.0
ip-10-42-20-111:24423:24423 [4] NCCL INFO NET/OFI NIC group 7 device #3 0000:a4:00.0
ip-10-42-20-111:24422:24422 [3] NCCL INFO NET/OFI GUID for dev[1]: 00000000000000000a2a146f00000001
ip-10-42-20-111:24421:24421 [2] NCCL INFO NET/OFI Plugin selected platform: AWS
ip-10-42-20-111:24421:24421 [2] NCCL INFO NET/OFI Configuring AWS-specific options
ip-10-42-20-111:24421:24421 [2] NCCL INFO NET/OFI Internode latency set at 75.0 us
ip-10-42-20-111:24421:24421 [2] NCCL INFO NET/OFI Using transport protocol RDMA (platform set)
ip-10-42-20-111:24425:24425 [6] NCCL INFO NET/OFI GUID of rdmap184s0: 97d3112c0000be00
ip-10-42-20-111:24425:24425 [6] NCCL INFO NET/OFI GUID for dev[4]: 00000000000000000a2a146f00000004
ip-10-42-20-111:24421:24421 [2] NCCL INFO NET/OFI Selected provider is efa, fabric is efa-direct (found 32 nics)
ip-10-42-20-111:24426:24426 [7] NCCL INFO NET/OFI GUID of rdmap116s0: 1d94258900004a00
ip-10-42-20-111:24421:24421 [2] NCCL INFO NET/OFI NIC group 0 device #0 0000:74:00.0
ip-10-42-20-111:24421:24421 [2] NCCL INFO NET/OFI NIC group 0 device #1 0000:73:00.0
ip-10-42-20-111:24421:24421 [2] NCCL INFO NET/OFI NIC group 0 device #2 0000:72:00.0
ip-10-42-20-111:24421:24421 [2] NCCL INFO NET/OFI NIC group 0 device #3 0000:71:00.0
ip-10-42-20-111:24421:24421 [2] NCCL INFO NET/OFI NIC group 1 device #0 0000:85:00.0
ip-10-42-20-111:24421:24421 [2] NCCL INFO NET/OFI NIC group 1 device #1 0000:84:00.0
ip-10-42-20-111:24421:24421 [2] NCCL INFO NET/OFI NIC group 1 device #2 0000:83:00.0
ip-10-42-20-111:24421:24421 [2] NCCL INFO NET/OFI NIC group 1 device #3 0000:82:00.0
ip-10-42-20-111:24421:24421 [2] NCCL INFO NET/OFI NIC group 2 device #0 0000:52:00.0
ip-10-42-20-111:24421:24421 [2] NCCL INFO NET/OFI NIC group 2 device #1 0000:51:00.0
ip-10-42-20-111:24421:24421 [2] NCCL INFO NET/OFI NIC group 2 device #2 0000:50:00.0
ip-10-42-20-111:24421:24421 [2] NCCL INFO NET/OFI NIC group 2 device #3 0000:4f:00.0
ip-10-42-20-111:24421:24421 [2] NCCL INFO NET/OFI NIC group 3 device #0 0000:63:00.0
ip-10-42-20-111:24421:24421 [2] NCCL INFO NET/OFI NIC group 3 device #1 0000:62:00.0
ip-10-42-20-111:24421:24421 [2] NCCL INFO NET/OFI NIC group 3 device #2 0000:61:00.0
ip-10-42-20-111:24421:24421 [2] NCCL INFO NET/OFI NIC group 3 device #3 0000:60:00.0
ip-10-42-20-111:24421:24421 [2] NCCL INFO NET/OFI NIC group 4 device #0 0000:b8:00.0
ip-10-42-20-111:24421:24421 [2] NCCL INFO NET/OFI NIC group 4 device #1 0000:b7:00.0
ip-10-42-20-111:24421:24421 [2] NCCL INFO NET/OFI NIC group 4 device #2 0000:b6:00.0
ip-10-42-20-111:24421:24421 [2] NCCL INFO NET/OFI NIC group 4 device #3 0000:b5:00.0
ip-10-42-20-111:24421:24421 [2] NCCL INFO NET/OFI NIC group 5 device #0 0000:c9:00.0
ip-10-42-20-111:24421:24421 [2] NCCL INFO NET/OFI NIC group 5 device #1 0000:c8:00.0
ip-10-42-20-111:24421:24421 [2] NCCL INFO NET/OFI NIC group 5 device #2 0000:c7:00.0
ip-10-42-20-111:24421:24421 [2] NCCL INFO NET/OFI NIC group 5 device #3 0000:c6:00.0
ip-10-42-20-111:24421:24421 [2] NCCL INFO NET/OFI NIC group 6 device #0 0000:96:00.0
ip-10-42-20-111:24421:24421 [2] NCCL INFO NET/OFI NIC group 6 device #1 0000:95:00.0
ip-10-42-20-111:24421:24421 [2] NCCL INFO NET/OFI NIC group 6 device #2 0000:94:00.0
ip-10-42-20-111:24421:24421 [2] NCCL INFO NET/OFI NIC group 6 device #3 0000:93:00.0
ip-10-42-20-111:24421:24421 [2] NCCL INFO NET/OFI NIC group 7 device #0 0000:a7:00.0
ip-10-42-20-111:24421:24421 [2] NCCL INFO NET/OFI NIC group 7 device #1 0000:a6:00.0
ip-10-42-20-111:24421:24421 [2] NCCL INFO NET/OFI NIC group 7 device #2 0000:a5:00.0
ip-10-42-20-111:24421:24421 [2] NCCL INFO NET/OFI NIC group 7 device #3 0000:a4:00.0
ip-10-42-20-111:24426:24426 [7] NCCL INFO NET/OFI GUID for dev[0]: 00000000000000000a2a146f00000000
ip-10-42-20-111:24422:24422 [3] NCCL INFO NET/OFI GUID of rdmap82s0: d16cafd500000501
ip-10-42-20-111:24423:24423 [4] NCCL INFO NET/OFI GUID of rdmap116s0: 1d94258900004a00
ip-10-42-20-111:24419:24419 [0] NCCL INFO NET/OFI Plugin selected platform: AWS
ip-10-42-20-111:24419:24419 [0] NCCL INFO NET/OFI Configuring AWS-specific options
ip-10-42-20-111:24422:24422 [3] NCCL INFO NET/OFI GUID for dev[2]: 00000000000000000a2a146f00000002
ip-10-42-20-111:24423:24423 [4] NCCL INFO NET/OFI GUID for dev[0]: 00000000000000000a2a146f00000000
ip-10-42-20-111:24419:24419 [0] NCCL INFO NET/OFI Internode latency set at 75.0 us
ip-10-42-20-111:24419:24419 [0] NCCL INFO NET/OFI Using transport protocol RDMA (platform set)
ip-10-42-20-111:24419:24419 [0] NCCL INFO NET/OFI Selected provider is efa, fabric is efa-direct (found 32 nics)
ip-10-42-20-111:24419:24419 [0] NCCL INFO NET/OFI NIC group 0 device #0 0000:74:00.0
ip-10-42-20-111:24419:24419 [0] NCCL INFO NET/OFI NIC group 0 device #1 0000:73:00.0
ip-10-42-20-111:24419:24419 [0] NCCL INFO NET/OFI NIC group 0 device #2 0000:72:00.0
ip-10-42-20-111:24419:24419 [0] NCCL INFO NET/OFI NIC group 0 device #3 0000:71:00.0
ip-10-42-20-111:24419:24419 [0] NCCL INFO NET/OFI NIC group 1 device #0 0000:85:00.0
ip-10-42-20-111:24419:24419 [0] NCCL INFO NET/OFI NIC group 1 device #1 0000:84:00.0
ip-10-42-20-111:24425:24425 [6] NCCL INFO NET/OFI GUID of rdmap201s0: 574651b20000d601
ip-10-42-20-111:24419:24419 [0] NCCL INFO NET/OFI NIC group 1 device #2 0000:83:00.0
ip-10-42-20-111:24419:24419 [0] NCCL INFO NET/OFI NIC group 1 device #3 0000:82:00.0
ip-10-42-20-111:24419:24419 [0] NCCL INFO NET/OFI NIC group 2 device #0 0000:52:00.0
ip-10-42-20-111:24419:24419 [0] NCCL INFO NET/OFI NIC group 2 device #1 0000:51:00.0
ip-10-42-20-111:24419:24419 [0] NCCL INFO NET/OFI NIC group 2 device #2 0000:50:00.0
ip-10-42-20-111:24419:24419 [0] NCCL INFO NET/OFI NIC group 2 device #3 0000:4f:00.0
ip-10-42-20-111:24419:24419 [0] NCCL INFO NET/OFI NIC group 3 device #0 0000:63:00.0
ip-10-42-20-111:24419:24419 [0] NCCL INFO NET/OFI NIC group 3 device #1 0000:62:00.0
ip-10-42-20-111:24419:24419 [0] NCCL INFO NET/OFI NIC group 3 device #2 0000:61:00.0
ip-10-42-20-111:24419:24419 [0] NCCL INFO NET/OFI NIC group 3 device #3 0000:60:00.0
ip-10-42-20-111:24419:24419 [0] NCCL INFO NET/OFI NIC group 4 device #0 0000:b8:00.0
ip-10-42-20-111:24419:24419 [0] NCCL INFO NET/OFI NIC group 4 device #1 0000:b7:00.0
ip-10-42-20-111:24419:24419 [0] NCCL INFO NET/OFI NIC group 4 device #2 0000:b6:00.0
ip-10-42-20-111:24419:24419 [0] NCCL INFO NET/OFI NIC group 4 device #3 0000:b5:00.0
ip-10-42-20-111:24419:24419 [0] NCCL INFO NET/OFI NIC group 5 device #0 0000:c9:00.0
ip-10-42-20-111:24419:24419 [0] NCCL INFO NET/OFI NIC group 5 device #1 0000:c8:00.0
ip-10-42-20-111:24419:24419 [0] NCCL INFO NET/OFI NIC group 5 device #2 0000:c7:00.0
ip-10-42-20-111:24419:24419 [0] NCCL INFO NET/OFI NIC group 5 device #3 0000:c6:00.0
ip-10-42-20-111:24419:24419 [0] NCCL INFO NET/OFI NIC group 6 device #0 0000:96:00.0
ip-10-42-20-111:24419:24419 [0] NCCL INFO NET/OFI NIC group 6 device #1 0000:95:00.0
ip-10-42-20-111:24419:24419 [0] NCCL INFO NET/OFI NIC group 6 device #2 0000:94:00.0
ip-10-42-20-111:24419:24419 [0] NCCL INFO NET/OFI NIC group 6 device #3 0000:93:00.0
ip-10-42-20-111:24419:24419 [0] NCCL INFO NET/OFI NIC group 7 device #0 0000:a7:00.0
ip-10-42-20-111:24419:24419 [0] NCCL INFO NET/OFI NIC group 7 device #1 0000:a6:00.0
ip-10-42-20-111:24419:24419 [0] NCCL INFO NET/OFI NIC group 7 device #2 0000:a5:00.0
ip-10-42-20-111:24419:24419 [0] NCCL INFO NET/OFI NIC group 7 device #3 0000:a4:00.0
ip-10-42-20-111:24425:24425 [6] NCCL INFO NET/OFI GUID for dev[5]: 00000000000000000a2a146f00000005
ip-10-42-20-111:24426:24426 [7] NCCL INFO NET/OFI GUID of rdmap133s0: af8bbe4c00005d00
ip-10-42-20-111:24421:24421 [2] NCCL INFO NET/OFI GUID of rdmap116s0: 1d94258900004a00
ip-10-42-20-111:24426:24426 [7] NCCL INFO NET/OFI GUID for dev[1]: 00000000000000000a2a146f00000001
ip-10-42-20-111:24421:24421 [2] NCCL INFO NET/OFI GUID for dev[0]: 00000000000000000a2a146f00000000
ip-10-42-20-111:24422:24422 [3] NCCL INFO NET/OFI GUID of rdmap99s0: fbcded6400001c00
ip-10-42-20-111:24423:24423 [4] NCCL INFO NET/OFI GUID of rdmap133s0: af8bbe4c00005d00
ip-10-42-20-111:24422:24422 [3] NCCL INFO NET/OFI GUID for dev[3]: 00000000000000000a2a146f00000003
ip-10-42-20-111:24423:24423 [4] NCCL INFO NET/OFI GUID for dev[1]: 00000000000000000a2a146f00000001
ip-10-42-20-111:24425:24425 [6] NCCL INFO NET/OFI GUID of rdmap150s0: 3147e36600008700
ip-10-42-20-111:24419:24419 [0] NCCL INFO NET/OFI GUID of rdmap116s0: 1d94258900004a00
ip-10-42-20-111:24425:24425 [6] NCCL INFO NET/OFI GUID for dev[6]: 00000000000000000a2a146f00000006
ip-10-42-20-111:24419:24419 [0] NCCL INFO NET/OFI GUID for dev[0]: 00000000000000000a2a146f00000000
ip-10-42-20-111:24421:24421 [2] NCCL INFO NET/OFI GUID of rdmap133s0: af8bbe4c00005d00
ip-10-42-20-111:24426:24426 [7] NCCL INFO NET/OFI GUID of rdmap82s0: d16cafd500000501
ip-10-42-20-111:24421:24421 [2] NCCL INFO NET/OFI GUID for dev[1]: 00000000000000000a2a146f00000001
ip-10-42-20-111:24426:24426 [7] NCCL INFO NET/OFI GUID for dev[2]: 00000000000000000a2a146f00000002
ip-10-42-20-111:24422:24422 [3] NCCL INFO NET/OFI GUID of rdmap184s0: 97d3112c0000be00
ip-10-42-20-111:24423:24423 [4] NCCL INFO NET/OFI GUID of rdmap82s0: d16cafd500000501
ip-10-42-20-111:24422:24422 [3] NCCL INFO NET/OFI GUID for dev[4]: 00000000000000000a2a146f00000004
ip-10-42-20-111:24423:24423 [4] NCCL INFO NET/OFI GUID for dev[2]: 00000000000000000a2a146f00000002
ip-10-42-20-111:24425:24425 [6] NCCL INFO NET/OFI GUID of rdmap167s0: 0b53543b00009b01
ip-10-42-20-111:24419:24419 [0] NCCL INFO NET/OFI GUID of rdmap133s0: af8bbe4c00005d00
ip-10-42-20-111:24425:24425 [6] NCCL INFO NET/OFI GUID for dev[7]: 00000000000000000a2a146f00000007
ip-10-42-20-111:24419:24419 [0] NCCL INFO NET/OFI GUID for dev[1]: 00000000000000000a2a146f00000001
ip-10-42-20-111:24421:24421 [2] NCCL INFO NET/OFI GUID of rdmap82s0: d16cafd500000501
ip-10-42-20-111:24426:24426 [7] NCCL INFO NET/OFI GUID of rdmap99s0: fbcded6400001c00
ip-10-42-20-111:24421:24421 [2] NCCL INFO NET/OFI GUID for dev[2]: 00000000000000000a2a146f00000002
ip-10-42-20-111:24426:24426 [7] NCCL INFO NET/OFI GUID for dev[3]: 00000000000000000a2a146f00000003
ip-10-42-20-111:24422:24422 [3] NCCL INFO NET/OFI GUID of rdmap201s0: 574651b20000d601
ip-10-42-20-111:24423:24423 [4] NCCL INFO NET/OFI GUID of rdmap99s0: fbcded6400001c00
ip-10-42-20-111:24423:24423 [4] NCCL INFO NET/OFI GUID for dev[3]: 00000000000000000a2a146f00000003
ip-10-42-20-111:24422:24422 [3] NCCL INFO NET/OFI GUID for dev[5]: 00000000000000000a2a146f00000005
ip-10-42-20-111:24419:24419 [0] NCCL INFO NET/OFI GUID of rdmap82s0: d16cafd500000501
ip-10-42-20-111:24419:24419 [0] NCCL INFO NET/OFI GUID for dev[2]: 00000000000000000a2a146f00000002
ip-10-42-20-111:24421:24421 [2] NCCL INFO NET/OFI GUID of rdmap99s0: fbcded6400001c00
ip-10-42-20-111:24426:24426 [7] NCCL INFO NET/OFI GUID of rdmap184s0: 97d3112c0000be00
ip-10-42-20-111:24421:24421 [2] NCCL INFO NET/OFI GUID for dev[3]: 00000000000000000a2a146f00000003
ip-10-42-20-111:24426:24426 [7] NCCL INFO NET/OFI GUID for dev[4]: 00000000000000000a2a146f00000004
ip-10-42-20-111:24422:24422 [3] NCCL INFO NET/OFI GUID of rdmap150s0: 3147e36600008700
ip-10-42-20-111:24423:24423 [4] NCCL INFO NET/OFI GUID of rdmap184s0: 97d3112c0000be00
ip-10-42-20-111:24422:24422 [3] NCCL INFO NET/OFI GUID for dev[6]: 00000000000000000a2a146f00000006
ip-10-42-20-111:24423:24423 [4] NCCL INFO NET/OFI GUID for dev[4]: 00000000000000000a2a146f00000004
ip-10-42-20-111:24419:24419 [0] NCCL INFO NET/OFI GUID of rdmap99s0: fbcded6400001c00
ip-10-42-20-111:24419:24419 [0] NCCL INFO NET/OFI GUID for dev[3]: 00000000000000000a2a146f00000003
ip-10-42-20-111:24421:24421 [2] NCCL INFO NET/OFI GUID of rdmap184s0: 97d3112c0000be00
ip-10-42-20-111:24421:24421 [2] NCCL INFO NET/OFI GUID for dev[4]: 00000000000000000a2a146f00000004
ip-10-42-20-111:24426:24426 [7] NCCL INFO NET/OFI GUID of rdmap201s0: 574651b20000d601
ip-10-42-20-111:24426:24426 [7] NCCL INFO NET/OFI GUID for dev[5]: 00000000000000000a2a146f00000005
ip-10-42-20-111:24423:24423 [4] NCCL INFO NET/OFI GUID of rdmap201s0: 574651b20000d601
ip-10-42-20-111:24422:24422 [3] NCCL INFO NET/OFI GUID of rdmap167s0: 0b53543b00009b01
ip-10-42-20-111:24423:24423 [4] NCCL INFO NET/OFI GUID for dev[5]: 00000000000000000a2a146f00000005
ip-10-42-20-111:24422:24422 [3] NCCL INFO NET/OFI GUID for dev[7]: 00000000000000000a2a146f00000007
ip-10-42-20-111:24419:24419 [0] NCCL INFO NET/OFI GUID of rdmap184s0: 97d3112c0000be00
ip-10-42-20-111:24421:24421 [2] NCCL INFO NET/OFI GUID of rdmap201s0: 574651b20000d601
ip-10-42-20-111:24419:24419 [0] NCCL INFO NET/OFI GUID for dev[4]: 00000000000000000a2a146f00000004
ip-10-42-20-111:24421:24421 [2] NCCL INFO NET/OFI GUID for dev[5]: 00000000000000000a2a146f00000005
ip-10-42-20-111:24426:24426 [7] NCCL INFO NET/OFI GUID of rdmap150s0: 3147e36600008700
ip-10-42-20-111:24426:24426 [7] NCCL INFO NET/OFI GUID for dev[6]: 00000000000000000a2a146f00000006
ip-10-42-20-111:24423:24423 [4] NCCL INFO NET/OFI GUID of rdmap150s0: 3147e36600008700
ip-10-42-20-111:24423:24423 [4] NCCL INFO NET/OFI GUID for dev[6]: 00000000000000000a2a146f00000006
ip-10-42-20-111:24419:24419 [0] NCCL INFO NET/OFI GUID of rdmap201s0: 574651b20000d601
ip-10-42-20-111:24421:24421 [2] NCCL INFO NET/OFI GUID of rdmap150s0: 3147e36600008700
ip-10-42-20-111:24419:24419 [0] NCCL INFO NET/OFI GUID for dev[5]: 00000000000000000a2a146f00000005
ip-10-42-20-111:24421:24421 [2] NCCL INFO NET/OFI GUID for dev[6]: 00000000000000000a2a146f00000006
ip-10-42-20-111:24426:24426 [7] NCCL INFO NET/OFI GUID of rdmap167s0: 0b53543b00009b01
ip-10-42-20-111:24426:24426 [7] NCCL INFO NET/OFI GUID for dev[7]: 00000000000000000a2a146f00000007
ip-10-42-20-111:24423:24423 [4] NCCL INFO NET/OFI GUID of rdmap167s0: 0b53543b00009b01
ip-10-42-20-111:24423:24423 [4] NCCL INFO NET/OFI GUID for dev[7]: 00000000000000000a2a146f00000007
ip-10-42-20-111:24421:24421 [2] NCCL INFO NET/OFI GUID of rdmap167s0: 0b53543b00009b01
ip-10-42-20-111:24419:24419 [0] NCCL INFO NET/OFI GUID of rdmap150s0: 3147e36600008700
ip-10-42-20-111:24421:24421 [2] NCCL INFO NET/OFI GUID for dev[7]: 00000000000000000a2a146f00000007
ip-10-42-20-111:24419:24419 [0] NCCL INFO NET/OFI GUID for dev[6]: 00000000000000000a2a146f00000006
ip-10-42-20-111:24419:24419 [0] NCCL INFO NET/OFI GUID of rdmap167s0: 0b53543b00009b01
ip-10-42-20-111:24419:24419 [0] NCCL INFO NET/OFI GUID for dev[7]: 00000000000000000a2a146f00000007
ip-10-42-20-111:24420:24420 [1] NCCL INFO NET/OFI Adding FI_EFA_FORK_SAFE=1 to environment
ip-10-42-20-111:24420:24420 [1] NCCL INFO NET/OFI Adding NCCL_BUFFSIZE=8388608 to environment
ip-10-42-20-111:24420:24420 [1] NCCL INFO NET/OFI Adding NCCL_NET_FORCE_FLUSH=0 to environment
ip-10-42-20-111:24420:24420 [1] NCCL INFO NET/OFI Adding NCCL_NVLSTREE_MAX_CHUNKSIZE=524288 to environment
ip-10-42-20-111:24420:24420 [1] NCCL INFO NET/OFI Adding NCCL_NVLS_CHUNKSIZE=524288 to environment
ip-10-42-20-111:24420:24420 [1] NCCL INFO NET/OFI Adding NCCL_P2P_NET_CHUNKSIZE=524288 to environment
ip-10-42-20-111:24420:24420 [1] NCCL INFO NET/OFI Adding NCCL_TOPO_FILE=/proc/self/fd/199 to environment
ip-10-42-20-111:24420:24420 [1] NCCL INFO NET/OFI Adding NCCL_TUNER_PLUGIN=libnccl-net.so to environment
ip-10-42-20-111:24420:24420 [1] NCCL INFO Initialized NET plugin Libfabric
ip-10-42-20-111:24420:24420 [1] NCCL INFO Assigned NET plugin Libfabric to comm
ip-10-42-20-111:24420:24420 [1] NCCL INFO Using network Libfabric
ip-10-42-20-111:24424:24424 [5] NCCL INFO NET/OFI Support for global registrations: true
ip-10-42-20-111:24424:24424 [5] NCCL INFO NET/OFI Support for DMA-BUF registrations: false
ip-10-42-20-111:24425:24425 [6] NCCL INFO NET/OFI Support for global registrations: true
ip-10-42-20-111:24425:24425 [6] NCCL INFO NET/OFI Support for DMA-BUF registrations: false
ip-10-42-20-111:24424:24424 [5] NCCL INFO NET/OFI Adding FI_EFA_FORK_SAFE=1 to environment
ip-10-42-20-111:24424:24424 [5] NCCL INFO NET/OFI Adding NCCL_BUFFSIZE=8388608 to environment
ip-10-42-20-111:24424:24424 [5] NCCL INFO NET/OFI Adding NCCL_NET_FORCE_FLUSH=0 to environment
ip-10-42-20-111:24424:24424 [5] NCCL INFO NET/OFI Adding NCCL_NVLSTREE_MAX_CHUNKSIZE=524288 to environment
ip-10-42-20-111:24424:24424 [5] NCCL INFO NET/OFI Adding NCCL_NVLS_CHUNKSIZE=524288 to environment
ip-10-42-20-111:24424:24424 [5] NCCL INFO NET/OFI Adding NCCL_P2P_NET_CHUNKSIZE=524288 to environment
ip-10-42-20-111:24424:24424 [5] NCCL INFO NET/OFI Adding NCCL_TOPO_FILE=/proc/self/fd/199 to environment
ip-10-42-20-111:24424:24424 [5] NCCL INFO NET/OFI Adding NCCL_TUNER_PLUGIN=libnccl-net.so to environment
ip-10-42-20-111:24424:24424 [5] NCCL INFO Initialized NET plugin Libfabric
ip-10-42-20-111:24424:24424 [5] NCCL INFO Assigned NET plugin Libfabric to comm
ip-10-42-20-111:24424:24424 [5] NCCL INFO Using network Libfabric
ip-10-42-20-111:24422:24422 [3] NCCL INFO NET/OFI Support for global registrations: true
ip-10-42-20-111:24422:24422 [3] NCCL INFO NET/OFI Support for DMA-BUF registrations: false
ip-10-42-20-111:24419:24419 [0] NCCL INFO NET/OFI Support for global registrations: true
ip-10-42-20-111:24419:24419 [0] NCCL INFO NET/OFI Support for DMA-BUF registrations: false
ip-10-42-20-111:24423:24423 [4] NCCL INFO NET/OFI Support for global registrations: true
ip-10-42-20-111:24423:24423 [4] NCCL INFO NET/OFI Support for DMA-BUF registrations: false
ip-10-42-20-111:24421:24421 [2] NCCL INFO NET/OFI Support for global registrations: true
ip-10-42-20-111:24421:24421 [2] NCCL INFO NET/OFI Support for DMA-BUF registrations: false
ip-10-42-20-111:24426:24426 [7] NCCL INFO NET/OFI Support for global registrations: true
ip-10-42-20-111:24426:24426 [7] NCCL INFO NET/OFI Support for DMA-BUF registrations: false
ip-10-42-20-111:24425:24425 [6] NCCL INFO NET/OFI Adding FI_EFA_FORK_SAFE=1 to environment
ip-10-42-20-111:24425:24425 [6] NCCL INFO NET/OFI Adding NCCL_BUFFSIZE=8388608 to environment
ip-10-42-20-111:24425:24425 [6] NCCL INFO NET/OFI Adding NCCL_NET_FORCE_FLUSH=0 to environment
ip-10-42-20-111:24425:24425 [6] NCCL INFO NET/OFI Adding NCCL_NVLSTREE_MAX_CHUNKSIZE=524288 to environment
ip-10-42-20-111:24425:24425 [6] NCCL INFO NET/OFI Adding NCCL_NVLS_CHUNKSIZE=524288 to environment
ip-10-42-20-111:24425:24425 [6] NCCL INFO NET/OFI Adding NCCL_P2P_NET_CHUNKSIZE=524288 to environment
ip-10-42-20-111:24425:24425 [6] NCCL INFO NET/OFI Adding NCCL_TOPO_FILE=/proc/self/fd/199 to environment
ip-10-42-20-111:24425:24425 [6] NCCL INFO NET/OFI Adding NCCL_TUNER_PLUGIN=libnccl-net.so to environment
ip-10-42-20-111:24425:24425 [6] NCCL INFO Initialized NET plugin Libfabric
ip-10-42-20-111:24425:24425 [6] NCCL INFO Assigned NET plugin Libfabric to comm
ip-10-42-20-111:24425:24425 [6] NCCL INFO Using network Libfabric
ip-10-42-20-111:24422:24422 [3] NCCL INFO NET/OFI Adding FI_EFA_FORK_SAFE=1 to environment
ip-10-42-20-111:24422:24422 [3] NCCL INFO NET/OFI Adding NCCL_BUFFSIZE=8388608 to environment
ip-10-42-20-111:24422:24422 [3] NCCL INFO NET/OFI Adding NCCL_NET_FORCE_FLUSH=0 to environment
ip-10-42-20-111:24422:24422 [3] NCCL INFO NET/OFI Adding NCCL_NVLSTREE_MAX_CHUNKSIZE=524288 to environment
ip-10-42-20-111:24422:24422 [3] NCCL INFO NET/OFI Adding NCCL_NVLS_CHUNKSIZE=524288 to environment
ip-10-42-20-111:24422:24422 [3] NCCL INFO NET/OFI Adding NCCL_P2P_NET_CHUNKSIZE=524288 to environment
ip-10-42-20-111:24422:24422 [3] NCCL INFO NET/OFI Adding NCCL_TOPO_FILE=/proc/self/fd/199 to environment
ip-10-42-20-111:24422:24422 [3] NCCL INFO NET/OFI Adding NCCL_TUNER_PLUGIN=libnccl-net.so to environment
ip-10-42-20-111:24422:24422 [3] NCCL INFO Initialized NET plugin Libfabric
ip-10-42-20-111:24422:24422 [3] NCCL INFO Assigned NET plugin Libfabric to comm
ip-10-42-20-111:24422:24422 [3] NCCL INFO Using network Libfabric
ip-10-42-20-111:24419:24419 [0] NCCL INFO NET/OFI Adding FI_EFA_FORK_SAFE=1 to environment
ip-10-42-20-111:24419:24419 [0] NCCL INFO NET/OFI Adding NCCL_BUFFSIZE=8388608 to environment
ip-10-42-20-111:24419:24419 [0] NCCL INFO NET/OFI Adding NCCL_NET_FORCE_FLUSH=0 to environment
ip-10-42-20-111:24419:24419 [0] NCCL INFO NET/OFI Adding NCCL_NVLSTREE_MAX_CHUNKSIZE=524288 to environment
ip-10-42-20-111:24419:24419 [0] NCCL INFO NET/OFI Adding NCCL_NVLS_CHUNKSIZE=524288 to environment
ip-10-42-20-111:24419:24419 [0] NCCL INFO NET/OFI Adding NCCL_P2P_NET_CHUNKSIZE=524288 to environment
ip-10-42-20-111:24419:24419 [0] NCCL INFO NET/OFI Adding NCCL_TOPO_FILE=/proc/self/fd/183 to environment
ip-10-42-20-111:24419:24419 [0] NCCL INFO NET/OFI Adding NCCL_TUNER_PLUGIN=libnccl-net.so to environment
ip-10-42-20-111:24419:24419 [0] NCCL INFO Initialized NET plugin Libfabric
ip-10-42-20-111:24419:24419 [0] NCCL INFO Assigned NET plugin Libfabric to comm
ip-10-42-20-111:24419:24419 [0] NCCL INFO Using network Libfabric
ip-10-42-20-111:24423:24423 [4] NCCL INFO NET/OFI Adding FI_EFA_FORK_SAFE=1 to environment
ip-10-42-20-111:24423:24423 [4] NCCL INFO NET/OFI Adding NCCL_BUFFSIZE=8388608 to environment
ip-10-42-20-111:24423:24423 [4] NCCL INFO NET/OFI Adding NCCL_NET_FORCE_FLUSH=0 to environment
ip-10-42-20-111:24423:24423 [4] NCCL INFO NET/OFI Adding NCCL_NVLSTREE_MAX_CHUNKSIZE=524288 to environment
ip-10-42-20-111:24423:24423 [4] NCCL INFO NET/OFI Adding NCCL_NVLS_CHUNKSIZE=524288 to environment
ip-10-42-20-111:24423:24423 [4] NCCL INFO NET/OFI Adding NCCL_P2P_NET_CHUNKSIZE=524288 to environment
ip-10-42-20-111:24423:24423 [4] NCCL INFO NET/OFI Adding NCCL_TOPO_FILE=/proc/self/fd/199 to environment
ip-10-42-20-111:24423:24423 [4] NCCL INFO NET/OFI Adding NCCL_TUNER_PLUGIN=libnccl-net.so to environment
ip-10-42-20-111:24423:24423 [4] NCCL INFO Initialized NET plugin Libfabric
ip-10-42-20-111:24423:24423 [4] NCCL INFO Assigned NET plugin Libfabric to comm
ip-10-42-20-111:24423:24423 [4] NCCL INFO Using network Libfabric
ip-10-42-20-111:24421:24421 [2] NCCL INFO NET/OFI Adding FI_EFA_FORK_SAFE=1 to environment
ip-10-42-20-111:24421:24421 [2] NCCL INFO NET/OFI Adding NCCL_BUFFSIZE=8388608 to environment
ip-10-42-20-111:24421:24421 [2] NCCL INFO NET/OFI Adding NCCL_NET_FORCE_FLUSH=0 to environment
ip-10-42-20-111:24421:24421 [2] NCCL INFO NET/OFI Adding NCCL_NVLSTREE_MAX_CHUNKSIZE=524288 to environment
ip-10-42-20-111:24421:24421 [2] NCCL INFO NET/OFI Adding NCCL_NVLS_CHUNKSIZE=524288 to environment
ip-10-42-20-111:24421:24421 [2] NCCL INFO NET/OFI Adding NCCL_P2P_NET_CHUNKSIZE=524288 to environment
ip-10-42-20-111:24421:24421 [2] NCCL INFO NET/OFI Adding NCCL_TOPO_FILE=/proc/self/fd/199 to environment
ip-10-42-20-111:24421:24421 [2] NCCL INFO NET/OFI Adding NCCL_TUNER_PLUGIN=libnccl-net.so to environment
ip-10-42-20-111:24421:24421 [2] NCCL INFO Initialized NET plugin Libfabric
ip-10-42-20-111:24426:24426 [7] NCCL INFO NET/OFI Adding FI_EFA_FORK_SAFE=1 to environment
ip-10-42-20-111:24426:24426 [7] NCCL INFO NET/OFI Adding NCCL_BUFFSIZE=8388608 to environment
ip-10-42-20-111:24426:24426 [7] NCCL INFO NET/OFI Adding NCCL_NET_FORCE_FLUSH=0 to environment
ip-10-42-20-111:24426:24426 [7] NCCL INFO NET/OFI Adding NCCL_NVLSTREE_MAX_CHUNKSIZE=524288 to environment
ip-10-42-20-111:24426:24426 [7] NCCL INFO NET/OFI Adding NCCL_NVLS_CHUNKSIZE=524288 to environment
ip-10-42-20-111:24426:24426 [7] NCCL INFO NET/OFI Adding NCCL_P2P_NET_CHUNKSIZE=524288 to environment
ip-10-42-20-111:24426:24426 [7] NCCL INFO NET/OFI Adding NCCL_TOPO_FILE=/proc/self/fd/199 to environment
ip-10-42-20-111:24426:24426 [7] NCCL INFO NET/OFI Adding NCCL_TUNER_PLUGIN=libnccl-net.so to environment
ip-10-42-20-111:24426:24426 [7] NCCL INFO Initialized NET plugin Libfabric
ip-10-42-20-111:24421:24421 [2] NCCL INFO Assigned NET plugin Libfabric to comm
ip-10-42-20-111:24421:24421 [2] NCCL INFO Using network Libfabric
ip-10-42-20-111:24426:24426 [7] NCCL INFO Assigned NET plugin Libfabric to comm
ip-10-42-20-111:24426:24426 [7] NCCL INFO Using network Libfabric
ip-10-42-20-111:24420:24420 [1] NCCL INFO DMA-BUF is available on GPU device 1
ip-10-42-20-111:24420:24420 [1] NCCL INFO ncclCommInitRankConfig comm 0x595bf798c2a0 rank 1 nranks 16 cudaDev 1 nvmlDev 1 busId 64000 commId 0x5ee22ef0700ae41d - Init START
ip-10-42-20-111:24424:24424 [5] NCCL INFO DMA-BUF is available on GPU device 5
ip-10-42-20-111:24424:24424 [5] NCCL INFO ncclCommInitRankConfig comm 0x60a3825ea9e0 rank 5 nranks 16 cudaDev 5 nvmlDev 5 busId a8000 commId 0x5ee22ef0700ae41d - Init START
ip-10-42-20-111:24419:24419 [0] NCCL INFO DMA-BUF is available on GPU device 0
ip-10-42-20-111:24419:24419 [0] NCCL INFO ncclCommInitRankConfig comm 0x58ab24c11790 rank 0 nranks 16 cudaDev 0 nvmlDev 0 busId 53000 commId 0x5ee22ef0700ae41d - Init START
ip-10-42-20-111:24419:24419 [0] NCCL INFO RAS client listening socket at 127.0.0.1<28028>
ip-10-42-20-223:24788:24788 [7] NCCL INFO RAS client listening socket at 127.0.0.1<28028>
ip-10-42-20-111:24422:24422 [3] NCCL INFO DMA-BUF is available on GPU device 3
ip-10-42-20-111:24425:24425 [6] NCCL INFO DMA-BUF is available on GPU device 6
ip-10-42-20-111:24422:24422 [3] NCCL INFO ncclCommInitRankConfig comm 0x56dfcf0c9080 rank 3 nranks 16 cudaDev 3 nvmlDev 3 busId 86000 commId 0x5ee22ef0700ae41d - Init START
ip-10-42-20-111:24425:24425 [6] NCCL INFO ncclCommInitRankConfig comm 0x56240648a390 rank 6 nranks 16 cudaDev 6 nvmlDev 6 busId b9000 commId 0x5ee22ef0700ae41d - Init START
ip-10-42-20-111:24423:24423 [4] NCCL INFO DMA-BUF is available on GPU device 4
ip-10-42-20-111:24423:24423 [4] NCCL INFO ncclCommInitRankConfig comm 0x5bac08119cd0 rank 4 nranks 16 cudaDev 4 nvmlDev 4 busId 97000 commId 0x5ee22ef0700ae41d - Init START
ip-10-42-20-111:24423:24423 [4] NCCL INFO RAS client listening socket at 127.0.0.1<28028>
ip-10-42-20-111:24424:24424 [5] NCCL INFO RAS client listening socket at 127.0.0.1<28028>
ip-10-42-20-111:24421:24421 [2] NCCL INFO DMA-BUF is available on GPU device 2
ip-10-42-20-111:24426:24426 [7] NCCL INFO DMA-BUF is available on GPU device 7
ip-10-42-20-111:24421:24421 [2] NCCL INFO ncclCommInitRankConfig comm 0x573e9f9c5840 rank 2 nranks 16 cudaDev 2 nvmlDev 2 busId 75000 commId 0x5ee22ef0700ae41d - Init START
ip-10-42-20-111:24426:24426 [7] NCCL INFO ncclCommInitRankConfig comm 0x5ef147ebaaf0 rank 7 nranks 16 cudaDev 7 nvmlDev 7 busId ca000 commId 0x5ee22ef0700ae41d - Init START
ip-10-42-20-111:24422:24422 [3] NCCL INFO RAS client listening socket at 127.0.0.1<28028>
ip-10-42-20-111:24421:24421 [2] NCCL INFO RAS client listening socket at 127.0.0.1<28028>
ip-10-42-20-111:24420:24420 [1] NCCL INFO RAS client listening socket at 127.0.0.1<28028>
ip-10-42-20-111:24425:24425 [6] NCCL INFO RAS client listening socket at 127.0.0.1<28028>
ip-10-42-20-111:24426:24426 [7] NCCL INFO RAS client listening socket at 127.0.0.1<28028>
ip-10-42-20-223:24781:24781 [0] NCCL INFO RAS client listening socket at 127.0.0.1<28028>
ip-10-42-20-111:24422:24422 [3] NCCL INFO Bootstrap timings total 0.043498 (create 0.000058, send 0.000131, recv 0.028260, ring 0.005910, delay 0.000000)
ip-10-42-20-111:24423:24423 [4] NCCL INFO Bootstrap timings total 0.015344 (create 0.000078, send 0.000123, recv 0.000181, ring 0.014555, delay 0.000000)
ip-10-42-20-111:24421:24421 [2] NCCL INFO Bootstrap timings total 0.006892 (create 0.000113, send 0.000289, recv 0.000213, ring 0.005814, delay 0.000001)
ip-10-42-20-111:24424:24424 [5] NCCL INFO Bootstrap timings total 1.073668 (create 0.000095, send 0.000188, recv 1.040186, ring 0.014588, delay 0.000001)
ip-10-42-20-111:24425:24425 [6] NCCL INFO Bootstrap timings total 0.034296 (create 0.000080, send 0.000183, recv 0.027431, ring 0.006168, delay 0.000000)
ip-10-42-20-111:24426:24426 [7] NCCL INFO Bootstrap timings total 0.006965 (create 0.000050, send 0.000106, recv 0.000280, ring 0.006036, delay 0.000000)
ip-10-42-20-223:24781:24781 [0] NCCL INFO Bootstrap timings total 13.416472 (create 0.000108, send 0.000376, recv 0.725091, ring 0.005744, delay 0.000001)
ip-10-42-20-111:24420:24420 [1] NCCL INFO Bootstrap timings total 1.487833 (create 0.000081, send 0.000163, recv 1.480299, ring 0.006668, delay 0.000001)
ip-10-42-20-223:24788:24788 [7] NCCL INFO Bootstrap timings total 12.703646 (create 0.000077, send 0.000289, recv 12.614078, ring 0.088350, delay 0.000001)
ip-10-42-20-111:24419:24419 [0] NCCL INFO Bootstrap timings total 0.089886 (create 0.000065, send 0.000149, recv 0.000434, ring 0.088477, delay 0.000001)
ip-10-42-20-223:24782:24782 [1] NCCL INFO Bootstrap timings total 12.691709 (create 0.000044, send 0.000195, recv 0.000742, ring 12.690297, delay 0.000000)
ip-10-42-20-223:24787:24787 [6] NCCL INFO Bootstrap timings total 12.796721 (create 0.000057, send 0.000248, recv 0.093554, ring 12.698026, delay 0.000001)
ip-10-42-20-223:24784:24784 [3] NCCL INFO Bootstrap timings total 13.102055 (create 0.000082, send 0.000278, recv 0.000490, ring 12.688017, delay 0.000001)
ip-10-42-20-223:24783:24783 [2] NCCL INFO Bootstrap timings total 12.691353 (create 0.000058, send 0.000186, recv 0.000425, ring 12.690122, delay 0.000001)
ip-10-42-20-223:24785:24785 [4] NCCL INFO Bootstrap timings total 13.718008 (create 0.000062, send 0.000306, recv 1.018889, ring 12.697819, delay 0.000001)
ip-10-42-20-223:24786:24786 [5] NCCL INFO Bootstrap timings total 12.699418 (create 0.000047, send 0.000205, recv 0.000475, ring 12.698100, delay 0.000000)
ip-10-42-20-223:24781:24781 [0] NCCL INFO MNNVL busId 0x53000 fabric UUID 0.0 cliqueId 0x0 state 3 healthMask 0x0
ip-10-42-20-223:24788:24788 [7] NCCL INFO MNNVL busId 0xca000 fabric UUID 0.0 cliqueId 0x0 state 3 healthMask 0x0
ip-10-42-20-223:24782:24782 [1] NCCL INFO MNNVL busId 0x64000 fabric UUID 0.0 cliqueId 0x0 state 3 healthMask 0x0
ip-10-42-20-223:24787:24787 [6] NCCL INFO MNNVL busId 0xb9000 fabric UUID 0.0 cliqueId 0x0 state 3 healthMask 0x0
ip-10-42-20-223:24784:24784 [3] NCCL INFO MNNVL busId 0x86000 fabric UUID 0.0 cliqueId 0x0 state 3 healthMask 0x0
ip-10-42-20-223:24783:24783 [2] NCCL INFO MNNVL busId 0x75000 fabric UUID 0.0 cliqueId 0x0 state 3 healthMask 0x0
ip-10-42-20-223:24786:24786 [5] NCCL INFO MNNVL busId 0xa8000 fabric UUID 0.0 cliqueId 0x0 state 3 healthMask 0x0
ip-10-42-20-223:24785:24785 [4] NCCL INFO MNNVL busId 0x97000 fabric UUID 0.0 cliqueId 0x0 state 3 healthMask 0x0
ip-10-42-20-111:24426:24426 [7] NCCL INFO MNNVL busId 0xca000 fabric UUID 0.0 cliqueId 0x0 state 3 healthMask 0x0
ip-10-42-20-111:24423:24423 [4] NCCL INFO MNNVL busId 0x97000 fabric UUID 0.0 cliqueId 0x0 state 3 healthMask 0x0
ip-10-42-20-111:24420:24420 [1] NCCL INFO MNNVL busId 0x64000 fabric UUID 0.0 cliqueId 0x0 state 3 healthMask 0x0
ip-10-42-20-111:24424:24424 [5] NCCL INFO MNNVL busId 0xa8000 fabric UUID 0.0 cliqueId 0x0 state 3 healthMask 0x0
ip-10-42-20-111:24425:24425 [6] NCCL INFO MNNVL busId 0xb9000 fabric UUID 0.0 cliqueId 0x0 state 3 healthMask 0x0
ip-10-42-20-111:24419:24419 [0] NCCL INFO MNNVL busId 0x53000 fabric UUID 0.0 cliqueId 0x0 state 3 healthMask 0x0
ip-10-42-20-111:24422:24422 [3] NCCL INFO MNNVL busId 0x86000 fabric UUID 0.0 cliqueId 0x0 state 3 healthMask 0x0
ip-10-42-20-111:24421:24421 [2] NCCL INFO MNNVL busId 0x75000 fabric UUID 0.0 cliqueId 0x0 state 3 healthMask 0x0
ip-10-42-20-223:24788:24788 [7] NCCL INFO NCCL_TOPO_FILE set by environment to /proc/self/fd/199
ip-10-42-20-223:24782:24782 [1] NCCL INFO NCCL_TOPO_FILE set by environment to /proc/self/fd/199
ip-10-42-20-223:24787:24787 [6] NCCL INFO NCCL_TOPO_FILE set by environment to /proc/self/fd/199
ip-10-42-20-223:24781:24781 [0] NCCL INFO NCCL_TOPO_FILE set by environment to /proc/self/fd/181
ip-10-42-20-111:24422:24422 [3] NCCL INFO NCCL_TOPO_FILE set by environment to /proc/self/fd/199
ip-10-42-20-111:24426:24426 [7] NCCL INFO NCCL_TOPO_FILE set by environment to /proc/self/fd/199
ip-10-42-20-223:24783:24783 [2] NCCL INFO NCCL_TOPO_FILE set by environment to /proc/self/fd/199
ip-10-42-20-111:24423:24423 [4] NCCL INFO NCCL_TOPO_FILE set by environment to /proc/self/fd/199
ip-10-42-20-223:24785:24785 [4] NCCL INFO NCCL_TOPO_FILE set by environment to /proc/self/fd/199
ip-10-42-20-111:24419:24419 [0] NCCL INFO NCCL_TOPO_FILE set by environment to /proc/self/fd/183
ip-10-42-20-223:24786:24786 [5] NCCL INFO NCCL_TOPO_FILE set by environment to /proc/self/fd/199
ip-10-42-20-111:24425:24425 [6] NCCL INFO NCCL_TOPO_FILE set by environment to /proc/self/fd/199
ip-10-42-20-223:24784:24784 [3] NCCL INFO NCCL_TOPO_FILE set by environment to /proc/self/fd/199
ip-10-42-20-111:24421:24421 [2] NCCL INFO NCCL_TOPO_FILE set by environment to /proc/self/fd/199
ip-10-42-20-111:24420:24420 [1] NCCL INFO NCCL_TOPO_FILE set by environment to /proc/self/fd/199
ip-10-42-20-111:24424:24424 [5] NCCL INFO NCCL_TOPO_FILE set by environment to /proc/self/fd/199
ip-10-42-20-223:24782:24782 [1] NCCL INFO ncclTopoGetCpuAffinity: Affinity for GPU 1 is 24-47. (GPU affinity = 24-47 ; CPU affinity = 0-95).
ip-10-42-20-223:24782:24782 [1] NCCL INFO NVLS multicast support is available on dev 1 (NVLS_NCHANNELS 16)
ip-10-42-20-223:24788:24788 [7] NCCL INFO ncclTopoGetCpuAffinity: Affinity for GPU 7 is 48-71. (GPU affinity = 48-71 ; CPU affinity = 0-95).
ip-10-42-20-223:24788:24788 [7] NCCL INFO NVLS multicast support is available on dev 7 (NVLS_NCHANNELS 16)
ip-10-42-20-223:24781:24781 [0] NCCL INFO ncclTopoGetCpuAffinity: Affinity for GPU 0 is 24-47. (GPU affinity = 24-47 ; CPU affinity = 0-95).
ip-10-42-20-223:24787:24787 [6] NCCL INFO ncclTopoGetCpuAffinity: Affinity for GPU 6 is 48-71. (GPU affinity = 48-71 ; CPU affinity = 0-95).
ip-10-42-20-223:24781:24781 [0] NCCL INFO NVLS multicast support is available on dev 0 (NVLS_NCHANNELS 16)
ip-10-42-20-223:24787:24787 [6] NCCL INFO NVLS multicast support is available on dev 6 (NVLS_NCHANNELS 16)
ip-10-42-20-223:24785:24785 [4] NCCL INFO ncclTopoGetCpuAffinity: Affinity for GPU 4 is 72-95. (GPU affinity = 72-95 ; CPU affinity = 0-95).
ip-10-42-20-223:24785:24785 [4] NCCL INFO NVLS multicast support is available on dev 4 (NVLS_NCHANNELS 16)
ip-10-42-20-223:24783:24783 [2] NCCL INFO ncclTopoGetCpuAffinity: Affinity for GPU 2 is 0-23. (GPU affinity = 0-23 ; CPU affinity = 0-95).
ip-10-42-20-223:24783:24783 [2] NCCL INFO NVLS multicast support is available on dev 2 (NVLS_NCHANNELS 16)
ip-10-42-20-223:24784:24784 [3] NCCL INFO ncclTopoGetCpuAffinity: Affinity for GPU 3 is 0-23. (GPU affinity = 0-23 ; CPU affinity = 0-95).
ip-10-42-20-223:24784:24784 [3] NCCL INFO NVLS multicast support is available on dev 3 (NVLS_NCHANNELS 16)
ip-10-42-20-223:24786:24786 [5] NCCL INFO ncclTopoGetCpuAffinity: Affinity for GPU 5 is 72-95. (GPU affinity = 72-95 ; CPU affinity = 0-95).
ip-10-42-20-223:24786:24786 [5] NCCL INFO NVLS multicast support is available on dev 5 (NVLS_NCHANNELS 16)
ip-10-42-20-111:24419:24419 [0] NCCL INFO ncclTopoGetCpuAffinity: Affinity for GPU 0 is 24-47. (GPU affinity = 24-47 ; CPU affinity = 0-95).
ip-10-42-20-111:24419:24419 [0] NCCL INFO NVLS multicast support is available on dev 0 (NVLS_NCHANNELS 16)
ip-10-42-20-111:24420:24420 [1] NCCL INFO ncclTopoGetCpuAffinity: Affinity for GPU 1 is 24-47. (GPU affinity = 24-47 ; CPU affinity = 0-95).
ip-10-42-20-111:24421:24421 [2] NCCL INFO ncclTopoGetCpuAffinity: Affinity for GPU 2 is 0-23. (GPU affinity = 0-23 ; CPU affinity = 0-95).
ip-10-42-20-111:24421:24421 [2] NCCL INFO NVLS multicast support is available on dev 2 (NVLS_NCHANNELS 16)
ip-10-42-20-111:24426:24426 [7] NCCL INFO ncclTopoGetCpuAffinity: Affinity for GPU 7 is 48-71. (GPU affinity = 48-71 ; CPU affinity = 0-95).
ip-10-42-20-111:24422:24422 [3] NCCL INFO ncclTopoGetCpuAffinity: Affinity for GPU 3 is 0-23. (GPU affinity = 0-23 ; CPU affinity = 0-95).
ip-10-42-20-111:24425:24425 [6] NCCL INFO ncclTopoGetCpuAffinity: Affinity for GPU 6 is 48-71. (GPU affinity = 48-71 ; CPU affinity = 0-95).
ip-10-42-20-111:24426:24426 [7] NCCL INFO NVLS multicast support is available on dev 7 (NVLS_NCHANNELS 16)
ip-10-42-20-111:24420:24420 [1] NCCL INFO NVLS multicast support is available on dev 1 (NVLS_NCHANNELS 16)
ip-10-42-20-111:24422:24422 [3] NCCL INFO NVLS multicast support is available on dev 3 (NVLS_NCHANNELS 16)
ip-10-42-20-111:24423:24423 [4] NCCL INFO ncclTopoGetCpuAffinity: Affinity for GPU 4 is 72-95. (GPU affinity = 72-95 ; CPU affinity = 0-95).
ip-10-42-20-111:24423:24423 [4] NCCL INFO NVLS multicast support is available on dev 4 (NVLS_NCHANNELS 16)
ip-10-42-20-111:24425:24425 [6] NCCL INFO NVLS multicast support is available on dev 6 (NVLS_NCHANNELS 16)
ip-10-42-20-111:24424:24424 [5] NCCL INFO ncclTopoGetCpuAffinity: Affinity for GPU 5 is 72-95. (GPU affinity = 72-95 ; CPU affinity = 0-95).
ip-10-42-20-111:24424:24424 [5] NCCL INFO NVLS multicast support is available on dev 5 (NVLS_NCHANNELS 16)
ip-10-42-20-223:24786:24786 [5] NCCL INFO comm 0x5f8a1f73e2c0 rank 13 nRanks 16 nNodes 2 localRanks 8 localRank 5 MNNVL 0
ip-10-42-20-223:24787:24787 [6] NCCL INFO comm 0x5609fed7d3f0 rank 14 nRanks 16 nNodes 2 localRanks 8 localRank 6 MNNVL 0
ip-10-42-20-111:24421:24421 [2] NCCL INFO comm 0x573e9f9c5840 rank 2 nRanks 16 nNodes 2 localRanks 8 localRank 2 MNNVL 0
ip-10-42-20-223:24788:24788 [7] NCCL INFO comm 0x5ee4982d4ec0 rank 15 nRanks 16 nNodes 2 localRanks 8 localRank 7 MNNVL 0
ip-10-42-20-223:24788:24788 [7] NCCL INFO Trees [0] 12/-1/-1->15->14 [1] 12/-1/-1->15->14 [2] 12/-1/-1->15->14 [3] 12/-1/-1->15->14 [4] 12/-1/-1->15->14 [5] 12/-1/-1->15->7 [6] -1/-1/-1->15->14 [7] 12/-1/-1->15->14 [8] 12/-1/-1->15->14 [9] 12/-1/-1->15->14 [10] 12/-1/-1->15->14 [11] 12/-1/-1->15->14 [12] 12/-1/-1->15->14 [13] 12/7/-1->15->-1 [14] -1/-1/-1->15->14 [15] 12/-1/-1->15->14
ip-10-42-20-223:24788:24788 [7] NCCL INFO NCCL_BUFFSIZE set by environment to 8388608.
ip-10-42-20-223:24788:24788 [7] NCCL INFO NCCL_P2P_NET_CHUNKSIZE set by environment to 524288.
ip-10-42-20-223:24788:24788 [7] NCCL INFO P2P Chunksize set to 524288
ip-10-42-20-223:24781:24781 [0] NCCL INFO comm 0x5cae3f366420 rank 8 nRanks 16 nNodes 2 localRanks 8 localRank 0 MNNVL 0
ip-10-42-20-111:24423:24423 [4] NCCL INFO comm 0x5bac08119cd0 rank 4 nRanks 16 nNodes 2 localRanks 8 localRank 4 MNNVL 0
ip-10-42-20-111:24423:24423 [4] NCCL INFO NVLS Head  0:  2 10
ip-10-42-20-111:24423:24423 [4] NCCL INFO NVLS Head  1:  3 11
ip-10-42-20-111:24423:24423 [4] NCCL INFO NVLS Head  2:  0  8
ip-10-42-20-111:24423:24423 [4] NCCL INFO NVLS Head  3:  1  9
ip-10-42-20-111:24423:24423 [4] NCCL INFO NVLS Head  4:  6 14
ip-10-42-20-111:24423:24423 [4] NCCL INFO NVLS Head  5:  7 15
ip-10-42-20-111:24423:24423 [4] NCCL INFO NVLS Head  6:  4 12
ip-10-42-20-111:24423:24423 [4] NCCL INFO NVLS Head  7:  5 13
ip-10-42-20-111:24423:24423 [4] NCCL INFO Trees [0] 5/-1/-1->4->7 [1] 5/-1/-1->4->7 [2] 5/-1/-1->4->7 [3] 5/-1/-1->4->7 [4] 5/-1/-1->4->7 [5] 5/-1/-1->4->7 [6] 5/12/-1->4->-1 [7] -1/-1/-1->4->7 [8] 5/-1/-1->4->7 [9] 5/-1/-1->4->7 [10] 5/-1/-1->4->7 [11] 5/-1/-1->4->7 [12] 5/-1/-1->4->7 [13] 5/-1/-1->4->7 [14] 5/-1/-1->4->12 [15] -1/-1/-1->4->7
ip-10-42-20-223:24782:24782 [1] NCCL INFO comm 0x5b76f1f16db0 rank 9 nRanks 16 nNodes 2 localRanks 8 localRank 1 MNNVL 0
ip-10-42-20-111:24423:24423 [4] NCCL INFO NCCL_BUFFSIZE set by environment to 8388608.
ip-10-42-20-111:24423:24423 [4] NCCL INFO NCCL_P2P_NET_CHUNKSIZE set by environment to 524288.
ip-10-42-20-223:24783:24783 [2] NCCL INFO comm 0x5ff7201cf420 rank 10 nRanks 16 nNodes 2 localRanks 8 localRank 2 MNNVL 0
ip-10-42-20-111:24424:24424 [5] NCCL INFO comm 0x60a3825ea9e0 rank 5 nRanks 16 nNodes 2 localRanks 8 localRank 5 MNNVL 0
ip-10-42-20-111:24424:24424 [5] NCCL INFO NVLS Head  0:  2 10
ip-10-42-20-111:24424:24424 [5] NCCL INFO NVLS Head  1:  3 11
ip-10-42-20-111:24424:24424 [5] NCCL INFO NVLS Head  2:  0  8
ip-10-42-20-111:24424:24424 [5] NCCL INFO NVLS Head  3:  1  9
ip-10-42-20-111:24424:24424 [5] NCCL INFO NVLS Head  4:  6 14
ip-10-42-20-111:24424:24424 [5] NCCL INFO NVLS Head  5:  7 15
ip-10-42-20-111:24424:24424 [5] NCCL INFO NVLS Head  6:  4 12
ip-10-42-20-111:24424:24424 [5] NCCL INFO NVLS Head  7:  5 13
ip-10-42-20-111:24424:24424 [5] NCCL INFO Trees [0] -1/-1/-1->5->4 [1] 2/-1/-1->5->4 [2] 2/-1/-1->5->4 [3] 2/-1/-1->5->4 [4] 2/-1/-1->5->4 [5] 2/-1/-1->5->4 [6] 2/-1/-1->5->4 [7] 2/13/-1->5->-1 [8] -1/-1/-1->5->4 [9] 2/-1/-1->5->4 [10] 2/-1/-1->5->4 [11] 2/-1/-1->5->4 [12] 2/-1/-1->5->4 [13] 2/-1/-1->5->4 [14] 2/-1/-1->5->4 [15] 2/-1/-1->5->13
ip-10-42-20-223:24784:24784 [3] NCCL INFO comm 0x58735d1e3930 rank 11 nRanks 16 nNodes 2 localRanks 8 localRank 3 MNNVL 0
ip-10-42-20-223:24784:24784 [3] NCCL INFO Trees [0] 8/-1/-1->11->10 [1] 8/-1/-1->11->3 [2] -1/-1/-1->11->10 [3] 8/-1/-1->11->10 [4] 8/-1/-1->11->10 [5] 8/-1/-1->11->10 [6] 8/-1/-1->11->10 [7] 8/-1/-1->11->10 [8] 8/-1/-1->11->10 [9] 8/3/-1->11->-1 [10] -1/-1/-1->11->10 [11] 8/-1/-1->11->10 [12] 8/-1/-1->11->10 [13] 8/-1/-1->11->10 [14] 8/-1/-1->11->10 [15] 8/-1/-1->11->10
ip-10-42-20-223:24784:24784 [3] NCCL INFO NCCL_BUFFSIZE set by environment to 8388608.
ip-10-42-20-223:24784:24784 [3] NCCL INFO NCCL_P2P_NET_CHUNKSIZE set by environment to 524288.
ip-10-42-20-223:24784:24784 [3] NCCL INFO P2P Chunksize set to 524288
ip-10-42-20-111:24424:24424 [5] NCCL INFO NCCL_BUFFSIZE set by environment to 8388608.
ip-10-42-20-111:24424:24424 [5] NCCL INFO NCCL_P2P_NET_CHUNKSIZE set by environment to 524288.
ip-10-42-20-111:24424:24424 [5] NCCL INFO P2P Chunksize set to 524288
ip-10-42-20-223:24785:24785 [4] NCCL INFO comm 0x61dba2493d70 rank 12 nRanks 16 nNodes 2 localRanks 8 localRank 4 MNNVL 0
ip-10-42-20-223:24785:24785 [4] NCCL INFO Trees [0] 13/-1/-1->12->15 [1] 13/-1/-1->12->15 [2] 13/-1/-1->12->15 [3] 13/-1/-1->12->15 [4] 13/-1/-1->12->15 [5] 13/-1/-1->12->15 [6] 13/-1/-1->12->4 [7] -1/-1/-1->12->15 [8] 13/-1/-1->12->15 [9] 13/-1/-1->12->15 [10] 13/-1/-1->12->15 [11] 13/-1/-1->12->15 [12] 13/-1/-1->12->15 [13] 13/-1/-1->12->15 [14] 13/4/-1->12->-1 [15] -1/-1/-1->12->15
ip-10-42-20-223:24785:24785 [4] NCCL INFO NCCL_BUFFSIZE set by environment to 8388608.
ip-10-42-20-223:24785:24785 [4] NCCL INFO NCCL_P2P_NET_CHUNKSIZE set by environment to 524288.
ip-10-42-20-223:24785:24785 [4] NCCL INFO P2P Chunksize set to 524288
ip-10-42-20-111:24419:24419 [0] NCCL INFO comm 0x58ab24c11790 rank 0 nRanks 16 nNodes 2 localRanks 8 localRank 0 MNNVL 0
ip-10-42-20-111:24419:24419 [0] NCCL INFO NVLS Head  0:  2 10
ip-10-42-20-111:24419:24419 [0] NCCL INFO NVLS Head  1:  3 11
ip-10-42-20-111:24419:24419 [0] NCCL INFO NVLS Head  2:  0  8
ip-10-42-20-111:24419:24419 [0] NCCL INFO NVLS Head  3:  1  9
ip-10-42-20-111:24419:24419 [0] NCCL INFO NVLS Head  4:  6 14
ip-10-42-20-111:24419:24419 [0] NCCL INFO NVLS Head  5:  7 15
ip-10-42-20-111:24419:24419 [0] NCCL INFO NVLS Head  6:  4 12
ip-10-42-20-111:24419:24419 [0] NCCL INFO NVLS Head  7:  5 13
ip-10-42-20-111:24419:24419 [0] NCCL INFO Channel 00/16 :  0  3 11  8  9 14 15 12 13 10  2  5  4  7  6  1
ip-10-42-20-111:24419:24419 [0] NCCL INFO Channel 01/16 :  0  1  6  7  4  5  2 10 13 12 15 14  9  8 11  3
ip-10-42-20-111:24419:24419 [0] NCCL INFO Channel 02/16 :  0  3  2  5  4  7  6  1  9 14 15 12 13 10 11  8
ip-10-42-20-223:24786:24786 [5] NCCL INFO Trees [0] -1/-1/-1->13->12 [1] 10/-1/-1->13->12 [2] 10/-1/-1->13->12 [3] 10/-1/-1->13->12 [4] 10/-1/-1->13->12 [5] 10/-1/-1->13->12 [6] 10/-1/-1->13->12 [7] 10/-1/-1->13->5 [8] -1/-1/-1->13->12 [9] 10/-1/-1->13->12 [10] 10/-1/-1->13->12 [11] 10/-1/-1->13->12 [12] 10/-1/-1->13->12 [13] 10/-1/-1->13->12 [14] 10/-1/-1->13->12 [15] 10/5/-1->13->-1
ip-10-42-20-223:24786:24786 [5] NCCL INFO NCCL_BUFFSIZE set by environment to 8388608.
ip-10-42-20-223:24786:24786 [5] NCCL INFO NCCL_P2P_NET_CHUNKSIZE set by environment to 524288.
ip-10-42-20-223:24786:24786 [5] NCCL INFO P2P Chunksize set to 524288
ip-10-42-20-111:24419:24419 [0] NCCL INFO Channel 03/16 :  0  8 11 10 13 12 15 14  9  1  6  7  4  5  2  3
ip-10-42-20-111:24419:24419 [0] NCCL INFO Channel 04/16 :  0  3  2  5  4  7 15 12 13 10 11  8  9 14  6  1
ip-10-42-20-111:24419:24419 [0] NCCL INFO Channel 05/16 :  0  1  6 14  9  8 11 10 13 12 15  7  4  5  2  3
ip-10-42-20-111:24419:24419 [0] NCCL INFO Channel 06/16 :  0  3  2  5 13 10 11  8  9 14 15 12  4  7  6  1
ip-10-42-20-111:24419:24419 [0] NCCL INFO Channel 07/16 :  0  1  6  7  4 12 15 14  9  8 11 10 13  5  2  3
ip-10-42-20-111:24419:24419 [0] NCCL INFO Channel 08/16 :  0  3 11  8  9 14 15 12 13 10  2  5  4  7  6  1
ip-10-42-20-111:24419:24419 [0] NCCL INFO Channel 09/16 :  0  1  6  7  4  5  2 10 13 12 15 14  9  8 11  3
ip-10-42-20-111:24419:24419 [0] NCCL INFO Channel 10/16 :  0  3  2  5  4  7  6  1  9 14 15 12 13 10 11  8
ip-10-42-20-111:24419:24419 [0] NCCL INFO Channel 11/16 :  0  8 11 10 13 12 15 14  9  1  6  7  4  5  2  3
ip-10-42-20-223:24787:24787 [6] NCCL INFO Trees [0] 15/-1/-1->14->9 [1] 15/-1/-1->14->9 [2] 15/-1/-1->14->9 [3] 15/-1/-1->14->9 [4] 15/-1/-1->14->6 [5] -1/-1/-1->14->9 [6] 15/-1/-1->14->9 [7] 15/-1/-1->14->9 [8] 15/-1/-1->14->9 [9] 15/-1/-1->14->9 [10] 15/-1/-1->14->9 [11] 15/-1/-1->14->9 [12] 15/6/-1->14->-1 [13] -1/-1/-1->14->9 [14] 15/-1/-1->14->9 [15] 15/-1/-1->14->9
ip-10-42-20-223:24787:24787 [6] NCCL INFO NCCL_BUFFSIZE set by environment to 8388608.
ip-10-42-20-223:24787:24787 [6] NCCL INFO NCCL_P2P_NET_CHUNKSIZE set by environment to 524288.
ip-10-42-20-223:24787:24787 [6] NCCL INFO P2P Chunksize set to 524288
ip-10-42-20-111:24419:24419 [0] NCCL INFO Channel 12/16 :  0  3  2  5  4  7 15 12 13 10 11  8  9 14  6  1
ip-10-42-20-111:24419:24419 [0] NCCL INFO Channel 13/16 :  0  1  6 14  9  8 11 10 13 12 15  7  4  5  2  3
ip-10-42-20-111:24419:24419 [0] NCCL INFO Channel 14/16 :  0  3  2  5 13 10 11  8  9 14 15 12  4  7  6  1
ip-10-42-20-111:24419:24419 [0] NCCL INFO Channel 15/16 :  0  1  6  7  4 12 15 14  9  8 11 10 13  5  2  3
ip-10-42-20-111:24419:24419 [0] NCCL INFO Trees [0] 1/-1/-1->0->3 [1] 1/-1/-1->0->3 [2] 1/8/-1->0->-1 [3] -1/-1/-1->0->3 [4] 1/-1/-1->0->3 [5] 1/-1/-1->0->3 [6] 1/-1/-1->0->3 [7] 1/-1/-1->0->3 [8] 1/-1/-1->0->3 [9] 1/-1/-1->0->3 [10] 1/-1/-1->0->8 [11] -1/-1/-1->0->3 [12] 1/-1/-1->0->3 [13] 1/-1/-1->0->3 [14] 1/-1/-1->0->3 [15] 1/-1/-1->0->3
ip-10-42-20-111:24419:24419 [0] NCCL INFO NCCL_BUFFSIZE set by environment to 8388608.
ip-10-42-20-111:24419:24419 [0] NCCL INFO NCCL_P2P_NET_CHUNKSIZE set by environment to 524288.
ip-10-42-20-223:24781:24781 [0] NCCL INFO Trees [0] 9/-1/-1->8->11 [1] 9/-1/-1->8->11 [2] 9/-1/-1->8->0 [3] -1/-1/-1->8->11 [4] 9/-1/-1->8->11 [5] 9/-1/-1->8->11 [6] 9/-1/-1->8->11 [7] 9/-1/-1->8->11 [8] 9/-1/-1->8->11 [9] 9/-1/-1->8->11 [10] 9/0/-1->8->-1 [11] -1/-1/-1->8->11 [12] 9/-1/-1->8->11 [13] 9/-1/-1->8->11 [14] 9/-1/-1->8->11 [15] 9/-1/-1->8->11
ip-10-42-20-223:24781:24781 [0] NCCL INFO NCCL_BUFFSIZE set by environment to 8388608.
ip-10-42-20-223:24781:24781 [0] NCCL INFO NCCL_P2P_NET_CHUNKSIZE set by environment to 524288.
ip-10-42-20-223:24781:24781 [0] NCCL INFO P2P Chunksize set to 524288
ip-10-42-20-111:24420:24420 [1] NCCL INFO comm 0x595bf798c2a0 rank 1 nRanks 16 nNodes 2 localRanks 8 localRank 1 MNNVL 0
ip-10-42-20-111:24420:24420 [1] NCCL INFO NVLS Head  0:  2 10
ip-10-42-20-111:24420:24420 [1] NCCL INFO NVLS Head  1:  3 11
ip-10-42-20-111:24420:24420 [1] NCCL INFO NVLS Head  2:  0  8
ip-10-42-20-111:24420:24420 [1] NCCL INFO NVLS Head  3:  1  9
ip-10-42-20-111:24420:24420 [1] NCCL INFO NVLS Head  4:  6 14
ip-10-42-20-111:24420:24420 [1] NCCL INFO NVLS Head  5:  7 15
ip-10-42-20-111:24420:24420 [1] NCCL INFO NVLS Head  6:  4 12
ip-10-42-20-111:24420:24420 [1] NCCL INFO NVLS Head  7:  5 13
ip-10-42-20-111:24420:24420 [1] NCCL INFO Trees [0] 6/-1/-1->1->0 [1] 6/-1/-1->1->0 [2] 6/-1/-1->1->0 [3] 6/9/-1->1->-1 [4] -1/-1/-1->1->0 [5] 6/-1/-1->1->0 [6] 6/-1/-1->1->0 [7] 6/-1/-1->1->0 [8] 6/-1/-1->1->0 [9] 6/-1/-1->1->0 [10] 6/-1/-1->1->0 [11] 6/-1/-1->1->9 [12] -1/-1/-1->1->0 [13] 6/-1/-1->1->0 [14] 6/-1/-1->1->0 [15] 6/-1/-1->1->0
ip-10-42-20-223:24782:24782 [1] NCCL INFO Trees [0] 14/-1/-1->9->8 [1] 14/-1/-1->9->8 [2] 14/-1/-1->9->8 [3] 14/-1/-1->9->1 [4] -1/-1/-1->9->8 [5] 14/-1/-1->9->8 [6] 14/-1/-1->9->8 [7] 14/-1/-1->9->8 [8] 14/-1/-1->9->8 [9] 14/-1/-1->9->8 [10] 14/-1/-1->9->8 [11] 14/1/-1->9->-1 [12] -1/-1/-1->9->8 [13] 14/-1/-1->9->8 [14] 14/-1/-1->9->8 [15] 14/-1/-1->9->8
ip-10-42-20-223:24782:24782 [1] NCCL INFO NCCL_BUFFSIZE set by environment to 8388608.
ip-10-42-20-223:24782:24782 [1] NCCL INFO NCCL_P2P_NET_CHUNKSIZE set by environment to 524288.
ip-10-42-20-223:24782:24782 [1] NCCL INFO P2P Chunksize set to 524288
ip-10-42-20-111:24420:24420 [1] NCCL INFO NCCL_BUFFSIZE set by environment to 8388608.
ip-10-42-20-111:24420:24420 [1] NCCL INFO NCCL_P2P_NET_CHUNKSIZE set by environment to 524288.
ip-10-42-20-111:24420:24420 [1] NCCL INFO P2P Chunksize set to 524288
ip-10-42-20-223:24783:24783 [2] NCCL INFO Trees [0] 11/-1/-1->10->2 [1] -1/-1/-1->10->13 [2] 11/-1/-1->10->13 [3] 11/-1/-1->10->13 [4] 11/-1/-1->10->13 [5] 11/-1/-1->10->13 [6] 11/-1/-1->10->13 [7] 11/-1/-1->10->13 [8] 11/2/-1->10->-1 [9] -1/-1/-1->10->13 [10] 11/-1/-1->10->13 [11] 11/-1/-1->10->13 [12] 11/-1/-1->10->13 [13] 11/-1/-1->10->13 [14] 11/-1/-1->10->13 [15] 11/-1/-1->10->13
ip-10-42-20-223:24783:24783 [2] NCCL INFO NCCL_BUFFSIZE set by environment to 8388608.
ip-10-42-20-223:24783:24783 [2] NCCL INFO NCCL_P2P_NET_CHUNKSIZE set by environment to 524288.
ip-10-42-20-223:24783:24783 [2] NCCL INFO P2P Chunksize set to 524288
ip-10-42-20-111:24421:24421 [2] NCCL INFO NVLS Head  0:  2 10
ip-10-42-20-111:24421:24421 [2] NCCL INFO NVLS Head  1:  3 11
ip-10-42-20-111:24421:24421 [2] NCCL INFO NVLS Head  2:  0  8
ip-10-42-20-111:24421:24421 [2] NCCL INFO NVLS Head  3:  1  9
ip-10-42-20-111:24421:24421 [2] NCCL INFO NVLS Head  4:  6 14
ip-10-42-20-111:24421:24421 [2] NCCL INFO NVLS Head  5:  7 15
ip-10-42-20-111:24421:24421 [2] NCCL INFO NVLS Head  6:  4 12
ip-10-42-20-111:24421:24421 [2] NCCL INFO NVLS Head  7:  5 13
ip-10-42-20-111:24421:24421 [2] NCCL INFO Trees [0] 3/10/-1->2->-1 [1] -1/-1/-1->2->5 [2] 3/-1/-1->2->5 [3] 3/-1/-1->2->5 [4] 3/-1/-1->2->5 [5] 3/-1/-1->2->5 [6] 3/-1/-1->2->5 [7] 3/-1/-1->2->5 [8] 3/-1/-1->2->10 [9] -1/-1/-1->2->5 [10] 3/-1/-1->2->5 [11] 3/-1/-1->2->5 [12] 3/-1/-1->2->5 [13] 3/-1/-1->2->5 [14] 3/-1/-1->2->5 [15] 3/-1/-1->2->5
ip-10-42-20-111:24421:24421 [2] NCCL INFO NCCL_BUFFSIZE set by environment to 8388608.
ip-10-42-20-223:24788:24788 [7] NCCL INFO PROFILER/Plugin: Could not find: libnccl-profiler.so
ip-10-42-20-111:24421:24421 [2] NCCL INFO NCCL_P2P_NET_CHUNKSIZE set by environment to 524288.
ip-10-42-20-111:24421:24421 [2] NCCL INFO P2P Chunksize set to 524288
ip-10-42-20-223:24785:24785 [4] NCCL INFO PROFILER/Plugin: Could not find: libnccl-profiler.so
ip-10-42-20-111:24422:24422 [3] NCCL INFO comm 0x56dfcf0c9080 rank 3 nRanks 16 nNodes 2 localRanks 8 localRank 3 MNNVL 0
ip-10-42-20-111:24422:24422 [3] NCCL INFO NVLS Head  0:  2 10
ip-10-42-20-111:24422:24422 [3] NCCL INFO NVLS Head  1:  3 11
ip-10-42-20-111:24422:24422 [3] NCCL INFO NVLS Head  2:  0  8
ip-10-42-20-111:24422:24422 [3] NCCL INFO NVLS Head  3:  1  9
ip-10-42-20-111:24422:24422 [3] NCCL INFO NVLS Head  4:  6 14
ip-10-42-20-111:24422:24422 [3] NCCL INFO NVLS Head  5:  7 15
ip-10-42-20-111:24422:24422 [3] NCCL INFO NVLS Head  6:  4 12
ip-10-42-20-111:24422:24422 [3] NCCL INFO NVLS Head  7:  5 13
ip-10-42-20-111:24422:24422 [3] NCCL INFO Trees [0] 0/-1/-1->3->2 [1] 0/11/-1->3->-1 [2] -1/-1/-1->3->2 [3] 0/-1/-1->3->2 [4] 0/-1/-1->3->2 [5] 0/-1/-1->3->2 [6] 0/-1/-1->3->2 [7] 0/-1/-1->3->2 [8] 0/-1/-1->3->2 [9] 0/-1/-1->3->11 [10] -1/-1/-1->3->2 [11] 0/-1/-1->3->2 [12] 0/-1/-1->3->2 [13] 0/-1/-1->3->2 [14] 0/-1/-1->3->2 [15] 0/-1/-1->3->2
ip-10-42-20-223:24787:24787 [6] NCCL INFO PROFILER/Plugin: Could not find: libnccl-profiler.so
ip-10-42-20-111:24422:24422 [3] NCCL INFO NCCL_BUFFSIZE set by environment to 8388608.
ip-10-42-20-111:24422:24422 [3] NCCL INFO NCCL_P2P_NET_CHUNKSIZE set by environment to 524288.
ip-10-42-20-111:24422:24422 [3] NCCL INFO P2P Chunksize set to 524288
ip-10-42-20-223:24786:24786 [5] NCCL INFO PROFILER/Plugin: Could not find: libnccl-profiler.so
ip-10-42-20-111:24423:24423 [4] NCCL INFO P2P Chunksize set to 524288
ip-10-42-20-223:24788:24889 [0] NCCL INFO [Proxy Service UDS] Device 7 CPU core 66
ip-10-42-20-111:24425:24425 [6] NCCL INFO comm 0x56240648a390 rank 6 nRanks 16 nNodes 2 localRanks 8 localRank 6 MNNVL 0
ip-10-42-20-111:24425:24425 [6] NCCL INFO NVLS Head  0:  2 10
ip-10-42-20-111:24425:24425 [6] NCCL INFO NVLS Head  1:  3 11
ip-10-42-20-111:24425:24425 [6] NCCL INFO NVLS Head  2:  0  8
ip-10-42-20-111:24425:24425 [6] NCCL INFO NVLS Head  3:  1  9
ip-10-42-20-111:24425:24425 [6] NCCL INFO NVLS Head  4:  6 14
ip-10-42-20-111:24425:24425 [6] NCCL INFO NVLS Head  5:  7 15
ip-10-42-20-111:24425:24425 [6] NCCL INFO NVLS Head  6:  4 12
ip-10-42-20-111:24425:24425 [6] NCCL INFO NVLS Head  7:  5 13
ip-10-42-20-111:24425:24425 [6] NCCL INFO Trees [0] 7/-1/-1->6->1 [1] 7/-1/-1->6->1 [2] 7/-1/-1->6->1 [3] 7/-1/-1->6->1 [4] 7/14/-1->6->-1 [5] -1/-1/-1->6->1 [6] 7/-1/-1->6->1 [7] 7/-1/-1->6->1 [8] 7/-1/-1->6->1 [9] 7/-1/-1->6->1 [10] 7/-1/-1->6->1 [11] 7/-1/-1->6->1 [12] 7/-1/-1->6->14 [13] -1/-1/-1->6->1 [14] 7/-1/-1->6->1 [15] 7/-1/-1->6->1
ip-10-42-20-223:24781:24781 [0] NCCL INFO PROFILER/Plugin: Could not find: libnccl-profiler.so
ip-10-42-20-111:24425:24425 [6] NCCL INFO NCCL_BUFFSIZE set by environment to 8388608.
ip-10-42-20-111:24425:24425 [6] NCCL INFO NCCL_P2P_NET_CHUNKSIZE set by environment to 524288.
ip-10-42-20-111:24425:24425 [6] NCCL INFO P2P Chunksize set to 524288
ip-10-42-20-223:24783:24783 [2] NCCL INFO PROFILER/Plugin: Could not find: libnccl-profiler.so
ip-10-42-20-111:24426:24426 [7] NCCL INFO comm 0x5ef147ebaaf0 rank 7 nRanks 16 nNodes 2 localRanks 8 localRank 7 MNNVL 0
ip-10-42-20-111:24426:24426 [7] NCCL INFO NVLS Head  0:  2 10
ip-10-42-20-111:24426:24426 [7] NCCL INFO NVLS Head  1:  3 11
ip-10-42-20-111:24426:24426 [7] NCCL INFO NVLS Head  2:  0  8
ip-10-42-20-111:24426:24426 [7] NCCL INFO NVLS Head  3:  1  9
ip-10-42-20-111:24426:24426 [7] NCCL INFO NVLS Head  4:  6 14
ip-10-42-20-111:24426:24426 [7] NCCL INFO NVLS Head  5:  7 15
ip-10-42-20-111:24426:24426 [7] NCCL INFO NVLS Head  6:  4 12
ip-10-42-20-111:24426:24426 [7] NCCL INFO NVLS Head  7:  5 13
ip-10-42-20-111:24426:24426 [7] NCCL INFO Trees [0] 4/-1/-1->7->6 [1] 4/-1/-1->7->6 [2] 4/-1/-1->7->6 [3] 4/-1/-1->7->6 [4] 4/-1/-1->7->6 [5] 4/15/-1->7->-1 [6] -1/-1/-1->7->6 [7] 4/-1/-1->7->6 [8] 4/-1/-1->7->6 [9] 4/-1/-1->7->6 [10] 4/-1/-1->7->6 [11] 4/-1/-1->7->6 [12] 4/-1/-1->7->6 [13] 4/-1/-1->7->15 [14] -1/-1/-1->7->6 [15] 4/-1/-1->7->6
ip-10-42-20-223:24784:24784 [3] NCCL INFO PROFILER/Plugin: Could not find: libnccl-profiler.so
ip-10-42-20-111:24426:24426 [7] NCCL INFO NCCL_BUFFSIZE set by environment to 8388608.
ip-10-42-20-111:24426:24426 [7] NCCL INFO NCCL_P2P_NET_CHUNKSIZE set by environment to 524288.
ip-10-42-20-111:24426:24426 [7] NCCL INFO P2P Chunksize set to 524288
ip-10-42-20-223:24788:24888 [0] NCCL INFO [Proxy Service] Device 7 CPU core 57
ip-10-42-20-111:24419:24419 [0] NCCL INFO P2P Chunksize set to 524288
ip-10-42-20-223:24782:24782 [1] NCCL INFO PROFILER/Plugin: Could not find: libnccl-profiler.so
ip-10-42-20-111:24419:24419 [0] NCCL INFO PROFILER/Plugin: Could not find: libnccl-profiler.so
ip-10-42-20-223:24785:24890 [0] NCCL INFO [Proxy Service] Device 4 CPU core 84
ip-10-42-20-111:24419:24419 [0] NCCL INFO Check P2P Type isAllDirectP2p 1 directMode 0
ip-10-42-20-223:24785:24891 [0] NCCL INFO [Proxy Service UDS] Device 4 CPU core 89
ip-10-42-20-111:24423:24423 [4] NCCL INFO PROFILER/Plugin: Could not find: libnccl-profiler.so
ip-10-42-20-223:24787:24894 [0] NCCL INFO [Proxy Service UDS] Device 6 CPU core 50
ip-10-42-20-111:24424:24424 [5] NCCL INFO PROFILER/Plugin: Could not find: libnccl-profiler.so
ip-10-42-20-223:24786:24893 [0] NCCL INFO [Proxy Service] Device 5 CPU core 89
ip-10-42-20-111:24421:24421 [2] NCCL INFO PROFILER/Plugin: Could not find: libnccl-profiler.so
ip-10-42-20-223:24787:24892 [0] NCCL INFO [Proxy Service] Device 6 CPU core 63
ip-10-42-20-111:24419:24517 [0] NCCL INFO [Proxy Service] Device 0 CPU core 33
ip-10-42-20-223:24781:24896 [0] NCCL INFO [Proxy Service] Device 0 CPU core 24
ip-10-42-20-111:24422:24422 [3] NCCL INFO PROFILER/Plugin: Could not find: libnccl-profiler.so
ip-10-42-20-223:24786:24895 [0] NCCL INFO [Proxy Service UDS] Device 5 CPU core 81
ip-10-42-20-111:24420:24420 [1] NCCL INFO PROFILER/Plugin: Could not find: libnccl-profiler.so
ip-10-42-20-223:24784:24897 [0] NCCL INFO [Proxy Service] Device 3 CPU core 12
ip-10-42-20-111:24425:24425 [6] NCCL INFO PROFILER/Plugin: Could not find: libnccl-profiler.so
ip-10-42-20-223:24781:24899 [0] NCCL INFO [Proxy Service UDS] Device 0 CPU core 27
ip-10-42-20-111:24426:24426 [7] NCCL INFO PROFILER/Plugin: Could not find: libnccl-profiler.so
ip-10-42-20-223:24782:24901 [0] NCCL INFO [Proxy Service] Device 1 CPU core 33
ip-10-42-20-111:24423:24519 [0] NCCL INFO [Proxy Service] Device 4 CPU core 88
ip-10-42-20-223:24782:24903 [0] NCCL INFO [Proxy Service UDS] Device 1 CPU core 27
ip-10-42-20-111:24419:24518 [0] NCCL INFO [Proxy Service UDS] Device 0 CPU core 42
ip-10-42-20-223:24783:24902 [0] NCCL INFO [Proxy Service UDS] Device 2 CPU core 20
ip-10-42-20-111:24423:24520 [0] NCCL INFO [Proxy Service UDS] Device 4 CPU core 87
ip-10-42-20-223:24784:24900 [0] NCCL INFO [Proxy Service UDS] Device 3 CPU core 18
ip-10-42-20-111:24421:24522 [0] NCCL INFO [Proxy Service] Device 2 CPU core 12
ip-10-42-20-223:24783:24898 [0] NCCL INFO [Proxy Service] Device 2 CPU core 12
ip-10-42-20-111:24420:24524 [0] NCCL INFO [Proxy Service] Device 1 CPU core 33
ip-10-42-20-111:24422:24523 [0] NCCL INFO [Proxy Service] Device 3 CPU core 10
ip-10-42-20-111:24422:24527 [0] NCCL INFO [Proxy Service UDS] Device 3 CPU core 8
ip-10-42-20-111:24420:24530 [0] NCCL INFO [Proxy Service UDS] Device 1 CPU core 42
ip-10-42-20-111:24421:24526 [0] NCCL INFO [Proxy Service UDS] Device 2 CPU core 20
ip-10-42-20-111:24425:24532 [0] NCCL INFO [Proxy Service UDS] Device 6 CPU core 58
ip-10-42-20-111:24426:24528 [0] NCCL INFO [Proxy Service] Device 7 CPU core 69
ip-10-42-20-111:24426:24531 [0] NCCL INFO [Proxy Service UDS] Device 7 CPU core 58
ip-10-42-20-111:24425:24529 [0] NCCL INFO [Proxy Service] Device 6 CPU core 69
ip-10-42-20-111:24424:24521 [0] NCCL INFO [Proxy Service] Device 5 CPU core 95
ip-10-42-20-111:24424:24525 [0] NCCL INFO [Proxy Service UDS] Device 5 CPU core 83
ip-10-42-20-223:24788:24788 [7] NCCL INFO NCCL_NVLS_CHUNKSIZE set by environment to 524288.
ip-10-42-20-223:24787:24787 [6] NCCL INFO NCCL_NVLS_CHUNKSIZE set by environment to 524288.
ip-10-42-20-223:24784:24784 [3] NCCL INFO NCCL_NVLS_CHUNKSIZE set by environment to 524288.
ip-10-42-20-223:24783:24783 [2] NCCL INFO NCCL_NVLS_CHUNKSIZE set by environment to 524288.
ip-10-42-20-223:24786:24786 [5] NCCL INFO NCCL_NVLS_CHUNKSIZE set by environment to 524288.
ip-10-42-20-223:24785:24785 [4] NCCL INFO NCCL_NVLS_CHUNKSIZE set by environment to 524288.
ip-10-42-20-223:24782:24782 [1] NCCL INFO NCCL_NVLS_CHUNKSIZE set by environment to 524288.
ip-10-42-20-223:24781:24781 [0] NCCL INFO NCCL_NVLS_CHUNKSIZE set by environment to 524288.
ip-10-42-20-111:24420:24420 [1] NCCL INFO NCCL_NVLS_CHUNKSIZE set by environment to 524288.
ip-10-42-20-111:24423:24423 [4] NCCL INFO NCCL_NVLS_CHUNKSIZE set by environment to 524288.
ip-10-42-20-111:24421:24421 [2] NCCL INFO NCCL_NVLS_CHUNKSIZE set by environment to 524288.
ip-10-42-20-111:24424:24424 [5] NCCL INFO NCCL_NVLS_CHUNKSIZE set by environment to 524288.
ip-10-42-20-111:24419:24419 [0] NCCL INFO NCCL_NVLS_CHUNKSIZE set by environment to 524288.
ip-10-42-20-111:24422:24422 [3] NCCL INFO NCCL_NVLS_CHUNKSIZE set by environment to 524288.
ip-10-42-20-111:24425:24425 [6] NCCL INFO NCCL_NVLS_CHUNKSIZE set by environment to 524288.
ip-10-42-20-111:24426:24426 [7] NCCL INFO NCCL_NVLS_CHUNKSIZE set by environment to 524288.
ip-10-42-20-223:24783:24783 [2] NCCL INFO NCCL_TUNER_PLUGIN set by environment to libnccl-net.so
ip-10-42-20-223:24783:24783 [2] NCCL INFO TUNER/Plugin: Using nccl_ofi_tuner (v3)
ip-10-42-20-223:24783:24783 [2] NCCL INFO Successfully loaded external tuner plugin /opt/amazon/ofi-nccl/lib/libnccl-net.so
ip-10-42-20-223:24785:24785 [4] NCCL INFO NCCL_TUNER_PLUGIN set by environment to libnccl-net.so
ip-10-42-20-223:24785:24785 [4] NCCL INFO TUNER/Plugin: Using nccl_ofi_tuner (v3)
ip-10-42-20-223:24785:24785 [4] NCCL INFO Successfully loaded external tuner plugin /opt/amazon/ofi-nccl/lib/libnccl-net.so
ip-10-42-20-223:24781:24781 [0] NCCL INFO NCCL_TUNER_PLUGIN set by environment to libnccl-net.so
ip-10-42-20-223:24781:24781 [0] NCCL INFO TUNER/Plugin: Using nccl_ofi_tuner (v3)
ip-10-42-20-223:24781:24781 [0] NCCL INFO Successfully loaded external tuner plugin /opt/amazon/ofi-nccl/lib/libnccl-net.so
ip-10-42-20-223:24788:24788 [7] NCCL INFO NCCL_TUNER_PLUGIN set by environment to libnccl-net.so
ip-10-42-20-223:24788:24788 [7] NCCL INFO TUNER/Plugin: Using nccl_ofi_tuner (v3)
ip-10-42-20-223:24788:24788 [7] NCCL INFO Successfully loaded external tuner plugin /opt/amazon/ofi-nccl/lib/libnccl-net.so
ip-10-42-20-111:24419:24419 [0] NCCL INFO NCCL_TUNER_PLUGIN set by environment to libnccl-net.so
ip-10-42-20-111:24419:24419 [0] NCCL INFO TUNER/Plugin: Using nccl_ofi_tuner (v3)
ip-10-42-20-111:24419:24419 [0] NCCL INFO Successfully loaded external tuner plugin /opt/amazon/ofi-nccl/lib/libnccl-net.so
ip-10-42-20-223:24786:24786 [5] NCCL INFO NCCL_TUNER_PLUGIN set by environment to libnccl-net.so
ip-10-42-20-223:24786:24786 [5] NCCL INFO TUNER/Plugin: Using nccl_ofi_tuner (v3)
ip-10-42-20-223:24786:24786 [5] NCCL INFO Successfully loaded external tuner plugin /opt/amazon/ofi-nccl/lib/libnccl-net.so
ip-10-42-20-111:24425:24425 [6] NCCL INFO NCCL_TUNER_PLUGIN set by environment to libnccl-net.so
ip-10-42-20-111:24425:24425 [6] NCCL INFO TUNER/Plugin: Using nccl_ofi_tuner (v3)
ip-10-42-20-111:24425:24425 [6] NCCL INFO Successfully loaded external tuner plugin /opt/amazon/ofi-nccl/lib/libnccl-net.so
ip-10-42-20-223:24784:24784 [3] NCCL INFO NCCL_TUNER_PLUGIN set by environment to libnccl-net.so
ip-10-42-20-223:24784:24784 [3] NCCL INFO TUNER/Plugin: Using nccl_ofi_tuner (v3)
ip-10-42-20-223:24784:24784 [3] NCCL INFO Successfully loaded external tuner plugin /opt/amazon/ofi-nccl/lib/libnccl-net.so
ip-10-42-20-223:24787:24787 [6] NCCL INFO NCCL_TUNER_PLUGIN set by environment to libnccl-net.so
ip-10-42-20-223:24787:24787 [6] NCCL INFO TUNER/Plugin: Using nccl_ofi_tuner (v3)
ip-10-42-20-223:24787:24787 [6] NCCL INFO Successfully loaded external tuner plugin /opt/amazon/ofi-nccl/lib/libnccl-net.so
ip-10-42-20-223:24782:24782 [1] NCCL INFO NCCL_TUNER_PLUGIN set by environment to libnccl-net.so
ip-10-42-20-223:24782:24782 [1] NCCL INFO TUNER/Plugin: Using nccl_ofi_tuner (v3)
ip-10-42-20-223:24782:24782 [1] NCCL INFO Successfully loaded external tuner plugin /opt/amazon/ofi-nccl/lib/libnccl-net.so
ip-10-42-20-111:24423:24423 [4] NCCL INFO NCCL_TUNER_PLUGIN set by environment to libnccl-net.so
ip-10-42-20-111:24423:24423 [4] NCCL INFO TUNER/Plugin: Using nccl_ofi_tuner (v3)
ip-10-42-20-111:24423:24423 [4] NCCL INFO Successfully loaded external tuner plugin /opt/amazon/ofi-nccl/lib/libnccl-net.so
ip-10-42-20-111:24424:24424 [5] NCCL INFO NCCL_TUNER_PLUGIN set by environment to libnccl-net.so
ip-10-42-20-111:24424:24424 [5] NCCL INFO TUNER/Plugin: Using nccl_ofi_tuner (v3)
ip-10-42-20-111:24424:24424 [5] NCCL INFO Successfully loaded external tuner plugin /opt/amazon/ofi-nccl/lib/libnccl-net.so
ip-10-42-20-111:24422:24422 [3] NCCL INFO NCCL_TUNER_PLUGIN set by environment to libnccl-net.so
ip-10-42-20-111:24421:24421 [2] NCCL INFO NCCL_TUNER_PLUGIN set by environment to libnccl-net.so
ip-10-42-20-111:24426:24426 [7] NCCL INFO NCCL_TUNER_PLUGIN set by environment to libnccl-net.so
ip-10-42-20-111:24421:24421 [2] NCCL INFO TUNER/Plugin: Using nccl_ofi_tuner (v3)
ip-10-42-20-111:24421:24421 [2] NCCL INFO Successfully loaded external tuner plugin /opt/amazon/ofi-nccl/lib/libnccl-net.so
ip-10-42-20-111:24422:24422 [3] NCCL INFO TUNER/Plugin: Using nccl_ofi_tuner (v3)
ip-10-42-20-111:24422:24422 [3] NCCL INFO Successfully loaded external tuner plugin /opt/amazon/ofi-nccl/lib/libnccl-net.so
ip-10-42-20-111:24426:24426 [7] NCCL INFO TUNER/Plugin: Using nccl_ofi_tuner (v3)
ip-10-42-20-111:24426:24426 [7] NCCL INFO Successfully loaded external tuner plugin /opt/amazon/ofi-nccl/lib/libnccl-net.so
ip-10-42-20-111:24420:24420 [1] NCCL INFO NCCL_TUNER_PLUGIN set by environment to libnccl-net.so
ip-10-42-20-111:24420:24420 [1] NCCL INFO TUNER/Plugin: Using nccl_ofi_tuner (v3)
ip-10-42-20-111:24420:24420 [1] NCCL INFO Successfully loaded external tuner plugin /opt/amazon/ofi-nccl/lib/libnccl-net.so
ip-10-42-20-111:24419:24419 [0] NCCL INFO NET/OFI Tuner selected platform: AWS
ip-10-42-20-111:24419:24419 [0] NCCL INFO NET/OFI Region base Tuner is chosen for platform: p5e.48xlarge
ip-10-42-20-111:24419:24419 [0] NCCL INFO NET/OFI Region Tuner init (platform 0): comm with 16 ranks and 2 nodes.
ip-10-42-20-111:24419:24419 [0] NCCL INFO NET/OFI Tuner init: comm with 16 ranks and 2 nodes.
ip-10-42-20-111:24419:24419 [0] NCCL INFO threadThresholds 8/8/64 | 128/8/64 | 512 | 512
ip-10-42-20-111:24419:24419 [0] NCCL INFO 16 coll channels, 16 collnet channels, 16 nvls channels, 16 p2p channels, 2 p2p channels per peer
ip-10-42-20-111:24419:24419 [0] NCCL INFO CC Off, workFifoBytes 1048576
ip-10-42-20-111:24425:24425 [6] NCCL INFO NET/OFI Tuner selected platform: AWS
ip-10-42-20-111:24425:24425 [6] NCCL INFO NET/OFI Region base Tuner is chosen for platform: p5e.48xlarge
ip-10-42-20-111:24425:24425 [6] NCCL INFO NET/OFI Region Tuner init (platform 0): comm with 16 ranks and 2 nodes.
ip-10-42-20-111:24425:24425 [6] NCCL INFO NET/OFI Tuner init: comm with 16 ranks and 2 nodes.
ip-10-42-20-111:24425:24425 [6] NCCL INFO threadThresholds 8/8/64 | 128/8/64 | 512 | 512
ip-10-42-20-111:24425:24425 [6] NCCL INFO 16 coll channels, 16 collnet channels, 16 nvls channels, 16 p2p channels, 2 p2p channels per peer
ip-10-42-20-111:24423:24423 [4] NCCL INFO NET/OFI Tuner selected platform: AWS
ip-10-42-20-111:24423:24423 [4] NCCL INFO NET/OFI Region base Tuner is chosen for platform: p5e.48xlarge
ip-10-42-20-111:24423:24423 [4] NCCL INFO NET/OFI Region Tuner init (platform 0): comm with 16 ranks and 2 nodes.
ip-10-42-20-111:24423:24423 [4] NCCL INFO NET/OFI Tuner init: comm with 16 ranks and 2 nodes.
ip-10-42-20-111:24423:24423 [4] NCCL INFO threadThresholds 8/8/64 | 128/8/64 | 512 | 512
ip-10-42-20-111:24423:24423 [4] NCCL INFO 16 coll channels, 16 collnet channels, 16 nvls channels, 16 p2p channels, 2 p2p channels per peer
ip-10-42-20-111:24424:24424 [5] NCCL INFO NET/OFI Tuner selected platform: AWS
ip-10-42-20-111:24424:24424 [5] NCCL INFO NET/OFI Region base Tuner is chosen for platform: p5e.48xlarge
ip-10-42-20-111:24424:24424 [5] NCCL INFO NET/OFI Region Tuner init (platform 0): comm with 16 ranks and 2 nodes.
ip-10-42-20-111:24424:24424 [5] NCCL INFO NET/OFI Tuner init: comm with 16 ranks and 2 nodes.
ip-10-42-20-111:24424:24424 [5] NCCL INFO threadThresholds 8/8/64 | 128/8/64 | 512 | 512
ip-10-42-20-111:24424:24424 [5] NCCL INFO 16 coll channels, 16 collnet channels, 16 nvls channels, 16 p2p channels, 2 p2p channels per peer
ip-10-42-20-111:24421:24421 [2] NCCL INFO NET/OFI Tuner selected platform: AWS
ip-10-42-20-111:24421:24421 [2] NCCL INFO NET/OFI Region base Tuner is chosen for platform: p5e.48xlarge
ip-10-42-20-111:24421:24421 [2] NCCL INFO NET/OFI Region Tuner init (platform 0): comm with 16 ranks and 2 nodes.
ip-10-42-20-111:24421:24421 [2] NCCL INFO NET/OFI Tuner init: comm with 16 ranks and 2 nodes.
ip-10-42-20-111:24421:24421 [2] NCCL INFO threadThresholds 8/8/64 | 128/8/64 | 512 | 512
ip-10-42-20-111:24421:24421 [2] NCCL INFO 16 coll channels, 16 collnet channels, 16 nvls channels, 16 p2p channels, 2 p2p channels per peer
ip-10-42-20-111:24422:24422 [3] NCCL INFO NET/OFI Tuner selected platform: AWS
ip-10-42-20-111:24422:24422 [3] NCCL INFO NET/OFI Region base Tuner is chosen for platform: p5e.48xlarge
ip-10-42-20-111:24422:24422 [3] NCCL INFO NET/OFI Region Tuner init (platform 0): comm with 16 ranks and 2 nodes.
ip-10-42-20-111:24422:24422 [3] NCCL INFO NET/OFI Tuner init: comm with 16 ranks and 2 nodes.
ip-10-42-20-111:24422:24422 [3] NCCL INFO threadThresholds 8/8/64 | 128/8/64 | 512 | 512
ip-10-42-20-111:24422:24422 [3] NCCL INFO 16 coll channels, 16 collnet channels, 16 nvls channels, 16 p2p channels, 2 p2p channels per peer
ip-10-42-20-111:24420:24420 [1] NCCL INFO NET/OFI Tuner selected platform: AWS
ip-10-42-20-111:24420:24420 [1] NCCL INFO NET/OFI Region base Tuner is chosen for platform: p5e.48xlarge
ip-10-42-20-111:24420:24420 [1] NCCL INFO NET/OFI Region Tuner init (platform 0): comm with 16 ranks and 2 nodes.
ip-10-42-20-111:24420:24420 [1] NCCL INFO NET/OFI Tuner init: comm with 16 ranks and 2 nodes.
ip-10-42-20-111:24420:24420 [1] NCCL INFO threadThresholds 8/8/64 | 128/8/64 | 512 | 512
ip-10-42-20-111:24420:24420 [1] NCCL INFO 16 coll channels, 16 collnet channels, 16 nvls channels, 16 p2p channels, 2 p2p channels per peer
ip-10-42-20-111:24426:24426 [7] NCCL INFO NET/OFI Tuner selected platform: AWS
ip-10-42-20-111:24426:24426 [7] NCCL INFO NET/OFI Region base Tuner is chosen for platform: p5e.48xlarge
ip-10-42-20-111:24426:24426 [7] NCCL INFO NET/OFI Region Tuner init (platform 0): comm with 16 ranks and 2 nodes.
ip-10-42-20-111:24426:24426 [7] NCCL INFO NET/OFI Tuner init: comm with 16 ranks and 2 nodes.
ip-10-42-20-111:24426:24426 [7] NCCL INFO threadThresholds 8/8/64 | 128/8/64 | 512 | 512
ip-10-42-20-111:24426:24426 [7] NCCL INFO 16 coll channels, 16 collnet channels, 16 nvls channels, 16 p2p channels, 2 p2p channels per peer
ip-10-42-20-111:24420:24420 [1] NCCL INFO ncclCommInitRankConfig comm 0x595bf798c2a0 rank 1 nranks 16 cudaDev 1 nvmlDev 1 busId 64000 commId 0x5ee22ef0700ae41d - Init COMPLETE
ip-10-42-20-111:24420:24420 [1] NCCL INFO Init timings - ncclCommInitRankConfig: rank 1 nranks 16 total 15.54 (kernels 12.07, alloc 1.04, bootstrap 1.49, allgathers 0.02, topo 0.11, graphs 0.01, connections 0.79, rest 0.01)
ip-10-42-20-111:24421:24421 [2] NCCL INFO ncclCommInitRankConfig comm 0x573e9f9c5840 rank 2 nranks 16 cudaDev 2 nvmlDev 2 busId 75000 commId 0x5ee22ef0700ae41d - Init COMPLETE
ip-10-42-20-111:24421:24421 [2] NCCL INFO Init timings - ncclCommInitRankConfig: rank 2 nranks 16 total 15.55 (kernels 12.08, alloc 2.52, bootstrap 0.01, allgathers 0.02, topo 0.11, graphs 0.02, connections 0.79, rest 0.00)
ip-10-42-20-111:24424:24424 [5] NCCL INFO ncclCommInitRankConfig comm 0x60a3825ea9e0 rank 5 nranks 16 cudaDev 5 nvmlDev 5 busId a8000 commId 0x5ee22ef0700ae41d - Init COMPLETE
ip-10-42-20-111:24424:24424 [5] NCCL INFO Init timings - ncclCommInitRankConfig: rank 5 nranks 16 total 15.56 (kernels 12.10, alloc 1.45, bootstrap 1.07, allgathers 0.02, topo 0.12, graphs 0.01, connections 0.77, rest 0.02)
ip-10-42-20-111:24425:24425 [6] NCCL INFO ncclCommInitRankConfig comm 0x56240648a390 rank 6 nranks 16 cudaDev 6 nvmlDev 6 busId b9000 commId 0x5ee22ef0700ae41d - Init COMPLETE
ip-10-42-20-111:24425:24425 [6] NCCL INFO Init timings - ncclCommInitRankConfig: rank 6 nranks 16 total 15.53 (kernels 12.06, alloc 2.49, bootstrap 0.03, allgathers 0.02, topo 0.11, graphs 0.02, connections 0.66, rest 0.13)
ip-10-42-20-111:24422:24422 [3] NCCL INFO ncclCommInitRankConfig comm 0x56dfcf0c9080 rank 3 nranks 16 cudaDev 3 nvmlDev 3 busId 86000 commId 0x5ee22ef0700ae41d - Init COMPLETE
ip-10-42-20-111:24422:24422 [3] NCCL INFO Init timings - ncclCommInitRankConfig: rank 3 nranks 16 total 15.54 (kernels 12.08, alloc 2.48, bootstrap 0.04, allgathers 0.02, topo 0.11, graphs 0.02, connections 0.79, rest 0.00)
ip-10-42-20-111:24423:24423 [4] NCCL INFO ncclCommInitRankConfig comm 0x5bac08119cd0 rank 4 nranks 16 cudaDev 4 nvmlDev 4 busId 97000 commId 0x5ee22ef0700ae41d - Init COMPLETE
ip-10-42-20-111:24423:24423 [4] NCCL INFO Init timings - ncclCommInitRankConfig: rank 4 nranks 16 total 15.53 (kernels 12.06, alloc 2.51, bootstrap 0.02, allgathers 0.02, topo 0.12, graphs 0.01, connections 0.76, rest 0.03)
ip-10-42-20-111:24426:24426 [7] NCCL INFO ncclCommInitRankConfig comm 0x5ef147ebaaf0 rank 7 nranks 16 cudaDev 7 nvmlDev 7 busId ca000 commId 0x5ee22ef0700ae41d - Init COMPLETE
ip-10-42-20-111:24426:24426 [7] NCCL INFO Init timings - ncclCommInitRankConfig: rank 7 nranks 16 total 15.53 (kernels 12.06, alloc 2.52, bootstrap 0.01, allgathers 0.02, topo 0.11, graphs 0.02, connections 0.79, rest 0.00)
ip-10-42-20-111:24419:24419 [0] NCCL INFO ncclCommInitRankConfig comm 0x58ab24c11790 rank 0 nranks 16 cudaDev 0 nvmlDev 0 busId 53000 commId 0x5ee22ef0700ae41d - Init COMPLETE
ip-10-42-20-111:24419:24419 [0] NCCL INFO Init timings - ncclCommInitRankConfig: rank 0 nranks 16 total 15.57 (kernels 12.11, alloc 2.43, bootstrap 0.09, allgathers 0.02, topo 0.11, graphs 0.01, connections 0.56, rest 0.23)
ip-10-42-20-223:24783:24783 [2] NCCL INFO NET/OFI Tuner selected platform: AWS
ip-10-42-20-223:24783:24783 [2] NCCL INFO NET/OFI Region base Tuner is chosen for platform: p5e.48xlarge
ip-10-42-20-223:24783:24783 [2] NCCL INFO NET/OFI Region Tuner init (platform 0): comm with 16 ranks and 2 nodes.
ip-10-42-20-223:24783:24783 [2] NCCL INFO NET/OFI Tuner init: comm with 16 ranks and 2 nodes.
ip-10-42-20-223:24783:24783 [2] NCCL INFO threadThresholds 8/8/64 | 128/8/64 | 512 | 512
ip-10-42-20-223:24783:24783 [2] NCCL INFO 16 coll channels, 16 collnet channels, 16 nvls channels, 16 p2p channels, 2 p2p channels per peer
ip-10-42-20-223:24788:24788 [7] NCCL INFO NET/OFI Tuner selected platform: AWS
ip-10-42-20-223:24788:24788 [7] NCCL INFO NET/OFI Region base Tuner is chosen for platform: p5e.48xlarge
ip-10-42-20-223:24788:24788 [7] NCCL INFO NET/OFI Region Tuner init (platform 0): comm with 16 ranks and 2 nodes.
ip-10-42-20-223:24788:24788 [7] NCCL INFO NET/OFI Tuner init: comm with 16 ranks and 2 nodes.
ip-10-42-20-223:24788:24788 [7] NCCL INFO threadThresholds 8/8/64 | 128/8/64 | 512 | 512
ip-10-42-20-223:24788:24788 [7] NCCL INFO 16 coll channels, 16 collnet channels, 16 nvls channels, 16 p2p channels, 2 p2p channels per peer
ip-10-42-20-223:24785:24785 [4] NCCL INFO NET/OFI Tuner selected platform: AWS
ip-10-42-20-223:24785:24785 [4] NCCL INFO NET/OFI Region base Tuner is chosen for platform: p5e.48xlarge
ip-10-42-20-223:24785:24785 [4] NCCL INFO NET/OFI Region Tuner init (platform 0): comm with 16 ranks and 2 nodes.
ip-10-42-20-223:24785:24785 [4] NCCL INFO NET/OFI Tuner init: comm with 16 ranks and 2 nodes.
ip-10-42-20-223:24785:24785 [4] NCCL INFO threadThresholds 8/8/64 | 128/8/64 | 512 | 512
ip-10-42-20-223:24785:24785 [4] NCCL INFO 16 coll channels, 16 collnet channels, 16 nvls channels, 16 p2p channels, 2 p2p channels per peer
ip-10-42-20-223:24786:24786 [5] NCCL INFO NET/OFI Tuner selected platform: AWS
ip-10-42-20-223:24786:24786 [5] NCCL INFO NET/OFI Region base Tuner is chosen for platform: p5e.48xlarge
ip-10-42-20-223:24786:24786 [5] NCCL INFO NET/OFI Region Tuner init (platform 0): comm with 16 ranks and 2 nodes.
ip-10-42-20-223:24786:24786 [5] NCCL INFO NET/OFI Tuner init: comm with 16 ranks and 2 nodes.
ip-10-42-20-223:24786:24786 [5] NCCL INFO threadThresholds 8/8/64 | 128/8/64 | 512 | 512
ip-10-42-20-223:24786:24786 [5] NCCL INFO 16 coll channels, 16 collnet channels, 16 nvls channels, 16 p2p channels, 2 p2p channels per peer
ip-10-42-20-223:24781:24781 [0] NCCL INFO NET/OFI Tuner selected platform: AWS
ip-10-42-20-223:24781:24781 [0] NCCL INFO NET/OFI Region base Tuner is chosen for platform: p5e.48xlarge
ip-10-42-20-223:24781:24781 [0] NCCL INFO NET/OFI Region Tuner init (platform 0): comm with 16 ranks and 2 nodes.
ip-10-42-20-223:24781:24781 [0] NCCL INFO NET/OFI Tuner init: comm with 16 ranks and 2 nodes.
ip-10-42-20-223:24781:24781 [0] NCCL INFO threadThresholds 8/8/64 | 128/8/64 | 512 | 512
ip-10-42-20-223:24781:24781 [0] NCCL INFO 16 coll channels, 16 collnet channels, 16 nvls channels, 16 p2p channels, 2 p2p channels per peer
ip-10-42-20-223:24784:24784 [3] NCCL INFO NET/OFI Tuner selected platform: AWS
ip-10-42-20-223:24784:24784 [3] NCCL INFO NET/OFI Region base Tuner is chosen for platform: p5e.48xlarge
ip-10-42-20-223:24784:24784 [3] NCCL INFO NET/OFI Region Tuner init (platform 0): comm with 16 ranks and 2 nodes.
ip-10-42-20-223:24784:24784 [3] NCCL INFO NET/OFI Tuner init: comm with 16 ranks and 2 nodes.
ip-10-42-20-223:24784:24784 [3] NCCL INFO threadThresholds 8/8/64 | 128/8/64 | 512 | 512
ip-10-42-20-223:24784:24784 [3] NCCL INFO 16 coll channels, 16 collnet channels, 16 nvls channels, 16 p2p channels, 2 p2p channels per peer
ip-10-42-20-223:24787:24787 [6] NCCL INFO NET/OFI Tuner selected platform: AWS
ip-10-42-20-223:24787:24787 [6] NCCL INFO NET/OFI Region base Tuner is chosen for platform: p5e.48xlarge
ip-10-42-20-223:24787:24787 [6] NCCL INFO NET/OFI Region Tuner init (platform 0): comm with 16 ranks and 2 nodes.
ip-10-42-20-223:24787:24787 [6] NCCL INFO NET/OFI Tuner init: comm with 16 ranks and 2 nodes.
ip-10-42-20-223:24787:24787 [6] NCCL INFO threadThresholds 8/8/64 | 128/8/64 | 512 | 512
ip-10-42-20-223:24787:24787 [6] NCCL INFO 16 coll channels, 16 collnet channels, 16 nvls channels, 16 p2p channels, 2 p2p channels per peer
ip-10-42-20-223:24782:24782 [1] NCCL INFO NET/OFI Tuner selected platform: AWS
ip-10-42-20-223:24782:24782 [1] NCCL INFO NET/OFI Region base Tuner is chosen for platform: p5e.48xlarge
ip-10-42-20-223:24782:24782 [1] NCCL INFO NET/OFI Region Tuner init (platform 0): comm with 16 ranks and 2 nodes.
ip-10-42-20-223:24782:24782 [1] NCCL INFO NET/OFI Tuner init: comm with 16 ranks and 2 nodes.
ip-10-42-20-223:24782:24782 [1] NCCL INFO threadThresholds 8/8/64 | 128/8/64 | 512 | 512
ip-10-42-20-223:24782:24782 [1] NCCL INFO 16 coll channels, 16 collnet channels, 16 nvls channels, 16 p2p channels, 2 p2p channels per peer
ip-10-42-20-223:24781:24781 [0] NCCL INFO ncclCommInitRankConfig comm 0x5cae3f366420 rank 8 nranks 16 cudaDev 0 nvmlDev 0 busId 53000 commId 0x5ee22ef0700ae41d - Init COMPLETE
ip-10-42-20-223:24781:24781 [0] NCCL INFO Init timings - ncclCommInitRankConfig: rank 8 nranks 16 total 15.53 (kernels 0.24, alloc 0.91, bootstrap 13.42, allgathers 0.07, topo 0.07, graphs 0.01, connections 0.81, rest 0.02)
ip-10-42-20-223:24783:24783 [2] NCCL INFO ncclCommInitRankConfig comm 0x5ff7201cf420 rank 10 nranks 16 cudaDev 2 nvmlDev 2 busId 75000 commId 0x5ee22ef0700ae41d - Init COMPLETE
ip-10-42-20-223:24783:24783 [2] NCCL INFO Init timings - ncclCommInitRankConfig: rank 10 nranks 16 total 15.43 (kernels 0.23, alloc 1.53, bootstrap 12.69, allgathers 0.07, topo 0.07, graphs 0.01, connections 0.79, rest 0.03)
ip-10-42-20-223:24785:24785 [4] NCCL INFO ncclCommInitRankConfig comm 0x61dba2493d70 rank 12 nranks 16 cudaDev 4 nvmlDev 4 busId 97000 commId 0x5ee22ef0700ae41d - Init COMPLETE
ip-10-42-20-223:24785:24785 [4] NCCL INFO Init timings - ncclCommInitRankConfig: rank 12 nranks 16 total 15.57 (kernels 0.23, alloc 0.64, bootstrap 13.72, allgathers 0.06, topo 0.07, graphs 0.02, connections 0.80, rest 0.02)
ip-10-42-20-223:24787:24787 [6] NCCL INFO ncclCommInitRankConfig comm 0x5609fed7d3f0 rank 14 nranks 16 cudaDev 6 nvmlDev 6 busId b9000 commId 0x5ee22ef0700ae41d - Init COMPLETE
ip-10-42-20-223:24787:24787 [6] NCCL INFO Init timings - ncclCommInitRankConfig: rank 14 nranks 16 total 15.46 (kernels 0.23, alloc 1.46, bootstrap 12.80, allgathers 0.07, topo 0.07, graphs 0.01, connections 0.82, rest 0.00)
ip-10-42-20-223:24788:24788 [7] NCCL INFO ncclCommInitRankConfig comm 0x5ee4982d4ec0 rank 15 nranks 16 cudaDev 7 nvmlDev 7 busId ca000 commId 0x5ee22ef0700ae41d - Init COMPLETE
ip-10-42-20-223:24788:24788 [7] NCCL INFO Init timings - ncclCommInitRankConfig: rank 15 nranks 16 total 15.35 (kernels 0.23, alloc 1.45, bootstrap 12.70, allgathers 0.07, topo 0.07, graphs 0.01, connections 0.80, rest 0.02)
ip-10-42-20-223:24782:24782 [1] NCCL INFO ncclCommInitRankConfig comm 0x5b76f1f16db0 rank 9 nranks 16 cudaDev 1 nvmlDev 1 busId 64000 commId 0x5ee22ef0700ae41d - Init COMPLETE
ip-10-42-20-223:24782:24782 [1] NCCL INFO Init timings - ncclCommInitRankConfig: rank 9 nranks 16 total 15.32 (kernels 0.23, alloc 1.43, bootstrap 12.69, allgathers 0.07, topo 0.07, graphs 0.02, connections 0.82, rest 0.00)
ip-10-42-20-223:24784:24784 [3] NCCL INFO ncclCommInitRankConfig comm 0x58735d1e3930 rank 11 nranks 16 cudaDev 3 nvmlDev 3 busId 86000 commId 0x5ee22ef0700ae41d - Init COMPLETE
ip-10-42-20-223:24784:24784 [3] NCCL INFO Init timings - ncclCommInitRankConfig: rank 11 nranks 16 total 15.50 (kernels 0.24, alloc 1.18, bootstrap 13.10, allgathers 0.06, topo 0.07, graphs 0.01, connections 0.81, rest 0.01)
ip-10-42-20-223:24786:24786 [5] NCCL INFO ncclCommInitRankConfig comm 0x5f8a1f73e2c0 rank 13 nranks 16 cudaDev 5 nvmlDev 5 busId a8000 commId 0x5ee22ef0700ae41d - Init COMPLETE
ip-10-42-20-223:24786:24786 [5] NCCL INFO Init timings - ncclCommInitRankConfig: rank 13 nranks 16 total 15.39 (kernels 0.23, alloc 1.49, bootstrap 12.70, allgathers 0.05, topo 0.08, graphs 0.02, connections 0.81, rest 0.02)
#
#                                                              out-of-place                       in-place          
#       size         count      type   redop    root     time   algbw   busbw  #wrong     time   algbw   busbw  #wrong 
#        (B)    (elements)                               (us)  (GB/s)  (GB/s)             (us)  (GB/s)  (GB/s)         
ip-10-42-20-223:24781:24781 [0] NCCL INFO Channel 00/0 : 8[0] -> 9[1] via P2P/CUMEM
ip-10-42-20-223:24783:24783 [2] NCCL INFO Channel 00/0 : 10[2] -> 11[3] via P2P/CUMEM
ip-10-42-20-223:24785:24785 [4] NCCL INFO Channel 00/0 : 12[4] -> 13[5] via P2P/CUMEM
ip-10-42-20-223:24787:24787 [6] NCCL INFO Channel 00/0 : 14[6] -> 15[7] via P2P/CUMEM
ip-10-42-20-111:24423:24423 [4] NCCL INFO Channel 00/0 : 4[4] -> 5[5] via P2P/CUMEM
ip-10-42-20-111:24419:24419 [0] NCCL INFO Channel 00/0 : 0[0] -> 1[1] via P2P/CUMEM
ip-10-42-20-111:24425:24425 [6] NCCL INFO Channel 00/0 : 6[6] -> 7[7] via P2P/CUMEM
ip-10-42-20-111:24421:24421 [2] NCCL INFO Channel 00/0 : 2[2] -> 3[3] via P2P/CUMEM
ip-10-42-20-223:24785:24785 [4] NCCL INFO Channel 01/0 : 12[4] -> 13[5] via P2P/CUMEM
ip-10-42-20-223:24785:24785 [4] NCCL INFO Channel 02/0 : 12[4] -> 13[5] via P2P/CUMEM
ip-10-42-20-111:24423:24423 [4] NCCL INFO Channel 01/0 : 4[4] -> 5[5] via P2P/CUMEM
ip-10-42-20-111:24419:24419 [0] NCCL INFO Channel 01/0 : 0[0] -> 1[1] via P2P/CUMEM
ip-10-42-20-111:24425:24425 [6] NCCL INFO Channel 01/0 : 6[6] -> 7[7] via P2P/CUMEM
ip-10-42-20-111:24421:24421 [2] NCCL INFO Channel 02/0 : 2[2] -> 3[3] via P2P/CUMEM
ip-10-42-20-111:24423:24423 [4] NCCL INFO Channel 02/0 : 4[4] -> 5[5] via P2P/CUMEM
ip-10-42-20-223:24787:24787 [6] NCCL INFO Channel 01/0 : 14[6] -> 15[7] via P2P/CUMEM
ip-10-42-20-223:24781:24781 [0] NCCL INFO Channel 01/0 : 8[0] -> 9[1] via P2P/CUMEM
ip-10-42-20-223:24783:24783 [2] NCCL INFO Channel 02/0 : 10[2] -> 11[3] via P2P/CUMEM
ip-10-42-20-111:24419:24419 [0] NCCL INFO Channel 02/0 : 0[0] -> 1[1] via P2P/CUMEM
ip-10-42-20-111:24423:24423 [4] NCCL INFO Channel 03/0 : 4[4] -> 5[5] via P2P/CUMEM
ip-10-42-20-111:24421:24421 [2] NCCL INFO Channel 03/0 : 2[2] -> 3[3] via P2P/CUMEM
ip-10-42-20-223:24783:24783 [2] NCCL INFO Channel 03/0 : 10[2] -> 11[3] via P2P/CUMEM
ip-10-42-20-223:24781:24781 [0] NCCL INFO Channel 02/0 : 8[0] -> 9[1] via P2P/CUMEM
ip-10-42-20-223:24785:24785 [4] NCCL INFO Channel 03/0 : 12[4] -> 13[5] via P2P/CUMEM
ip-10-42-20-223:24787:24787 [6] NCCL INFO Channel 02/0 : 14[6] -> 15[7] via P2P/CUMEM
ip-10-42-20-111:24421:24421 [2] NCCL INFO Channel 04/0 : 2[2] -> 3[3] via P2P/CUMEM
ip-10-42-20-111:24425:24425 [6] NCCL INFO Channel 02/0 : 6[6] -> 7[7] via P2P/CUMEM
ip-10-42-20-223:24787:24787 [6] NCCL INFO Channel 03/0 : 14[6] -> 15[7] via P2P/CUMEM
ip-10-42-20-111:24425:24425 [6] NCCL INFO Channel 03/0 : 6[6] -> 7[7] via P2P/CUMEM
ip-10-42-20-223:24783:24783 [2] NCCL INFO Channel 04/0 : 10[2] -> 11[3] via P2P/CUMEM
ip-10-42-20-223:24785:24785 [4] NCCL INFO Channel 04/0 : 12[4] -> 13[5] via P2P/CUMEM
ip-10-42-20-111:24421:24421 [2] NCCL INFO Channel 05/0 : 2[2] -> 3[3] via P2P/CUMEM
ip-10-42-20-111:24419:24419 [0] NCCL INFO Channel 04/0 : 0[0] -> 1[1] via P2P/CUMEM
ip-10-42-20-111:24423:24423 [4] NCCL INFO Channel 04/0 : 4[4] -> 5[5] via P2P/CUMEM
ip-10-42-20-223:24781:24781 [0] NCCL INFO Channel 04/0 : 8[0] -> 9[1] via P2P/CUMEM
ip-10-42-20-223:24785:24785 [4] NCCL INFO Channel 05/0 : 12[4] -> 13[5] via P2P/CUMEM
ip-10-42-20-111:24419:24419 [0] NCCL INFO Channel 05/0 : 0[0] -> 1[1] via P2P/CUMEM
ip-10-42-20-223:24783:24783 [2] NCCL INFO Channel 05/0 : 10[2] -> 11[3] via P2P/CUMEM
ip-10-42-20-111:24421:24421 [2] NCCL INFO Channel 06/0 : 2[2] -> 3[3] via P2P/CUMEM
ip-10-42-20-111:24423:24423 [4] NCCL INFO Channel 05/0 : 4[4] -> 5[5] via P2P/CUMEM
ip-10-42-20-111:24423:24423 [4] NCCL INFO Channel 06/0 : 4[4] -> 5[5] via P2P/CUMEM
ip-10-42-20-223:24787:24787 [6] NCCL INFO Channel 04/0 : 14[6] -> 15[7] via P2P/CUMEM
ip-10-42-20-223:24781:24781 [0] NCCL INFO Channel 05/0 : 8[0] -> 9[1] via P2P/CUMEM
ip-10-42-20-223:24785:24785 [4] NCCL INFO Channel 06/0 : 12[4] -> 13[5] via P2P/CUMEM
ip-10-42-20-223:24783:24783 [2] NCCL INFO Channel 06/0 : 10[2] -> 11[3] via P2P/CUMEM
ip-10-42-20-111:24425:24425 [6] NCCL INFO Channel 04/0 : 6[6] -> 7[7] via P2P/CUMEM
ip-10-42-20-111:24421:24421 [2] NCCL INFO Channel 07/0 : 2[2] -> 3[3] via P2P/CUMEM
ip-10-42-20-223:24783:24783 [2] NCCL INFO Channel 07/0 : 10[2] -> 11[3] via P2P/CUMEM
ip-10-42-20-223:24787:24787 [6] NCCL INFO Channel 06/0 : 14[6] -> 15[7] via P2P/CUMEM
ip-10-42-20-223:24781:24781 [0] NCCL INFO Channel 06/0 : 8[0] -> 9[1] via P2P/CUMEM
ip-10-42-20-111:24419:24419 [0] NCCL INFO Channel 06/0 : 0[0] -> 1[1] via P2P/CUMEM
ip-10-42-20-223:24785:24785 [4] NCCL INFO Channel 08/0 : 12[4] -> 13[5] via P2P/CUMEM
ip-10-42-20-111:24425:24425 [6] NCCL INFO Channel 06/0 : 6[6] -> 7[7] via P2P/CUMEM
ip-10-42-20-111:24423:24423 [4] NCCL INFO Channel 08/0 : 4[4] -> 5[5] via P2P/CUMEM
ip-10-42-20-111:24421:24421 [2] NCCL INFO Channel 08/0 : 2[2] -> 3[3] via P2P/CUMEM
ip-10-42-20-223:24785:24785 [4] NCCL INFO Channel 09/0 : 12[4] -> 13[5] via P2P/CUMEM
ip-10-42-20-111:24423:24423 [4] NCCL INFO Channel 09/0 : 4[4] -> 5[5] via P2P/CUMEM
ip-10-42-20-223:24783:24783 [2] NCCL INFO Channel 08/0 : 10[2] -> 11[3] via P2P/CUMEM
ip-10-42-20-223:24781:24781 [0] NCCL INFO Channel 07/0 : 8[0] -> 9[1] via P2P/CUMEM
ip-10-42-20-111:24419:24419 [0] NCCL INFO Channel 07/0 : 0[0] -> 1[1] via P2P/CUMEM
ip-10-42-20-111:24419:24419 [0] NCCL INFO Channel 08/0 : 0[0] -> 1[1] via P2P/CUMEM
ip-10-42-20-111:24425:24425 [6] NCCL INFO Channel 07/0 : 6[6] -> 7[7] via P2P/CUMEM
ip-10-42-20-111:24421:24421 [2] NCCL INFO Channel 10/0 : 2[2] -> 3[3] via P2P/CUMEM
ip-10-42-20-223:24787:24787 [6] NCCL INFO Channel 07/0 : 14[6] -> 15[7] via P2P/CUMEM
ip-10-42-20-223:24783:24783 [2] NCCL INFO Channel 10/0 : 10[2] -> 11[3] via P2P/CUMEM
ip-10-42-20-111:24423:24423 [4] NCCL INFO Channel 10/0 : 4[4] -> 5[5] via P2P/CUMEM
ip-10-42-20-223:24781:24781 [0] NCCL INFO Channel 08/0 : 8[0] -> 9[1] via P2P/CUMEM
ip-10-42-20-111:24423:24423 [4] NCCL INFO Channel 11/0 : 4[4] -> 5[5] via P2P/CUMEM
ip-10-42-20-223:24781:24781 [0] NCCL INFO Channel 09/0 : 8[0] -> 9[1] via P2P/CUMEM
ip-10-42-20-223:24785:24785 [4] NCCL INFO Channel 10/0 : 12[4] -> 13[5] via P2P/CUMEM
ip-10-42-20-223:24783:24783 [2] NCCL INFO Channel 11/0 : 10[2] -> 11[3] via P2P/CUMEM
ip-10-42-20-111:24419:24419 [0] NCCL INFO Channel 09/0 : 0[0] -> 1[1] via P2P/CUMEM
ip-10-42-20-111:24421:24421 [2] NCCL INFO Channel 11/0 : 2[2] -> 3[3] via P2P/CUMEM
ip-10-42-20-223:24787:24787 [6] NCCL INFO Channel 08/0 : 14[6] -> 15[7] via P2P/CUMEM
ip-10-42-20-223:24781:24781 [0] NCCL INFO Channel 10/0 : 8[0] -> 9[1] via P2P/CUMEM
ip-10-42-20-223:24783:24783 [2] NCCL INFO Channel 12/0 : 10[2] -> 11[3] via P2P/CUMEM
ip-10-42-20-111:24425:24425 [6] NCCL INFO Channel 08/0 : 6[6] -> 7[7] via P2P/CUMEM
ip-10-42-20-111:24421:24421 [2] NCCL INFO Channel 12/0 : 2[2] -> 3[3] via P2P/CUMEM
ip-10-42-20-111:24423:24423 [4] NCCL INFO Channel 12/0 : 4[4] -> 5[5] via P2P/CUMEM
ip-10-42-20-111:24419:24419 [0] NCCL INFO Channel 10/0 : 0[0] -> 1[1] via P2P/CUMEM
ip-10-42-20-223:24785:24785 [4] NCCL INFO Channel 11/0 : 12[4] -> 13[5] via P2P/CUMEM
ip-10-42-20-223:24781:24781 [0] NCCL INFO Channel 12/0 : 8[0] -> 9[1] via P2P/CUMEM
ip-10-42-20-111:24419:24419 [0] NCCL INFO Channel 12/0 : 0[0] -> 1[1] via P2P/CUMEM
ip-10-42-20-223:24783:24783 [2] NCCL INFO Channel 13/0 : 10[2] -> 11[3] via P2P/CUMEM
ip-10-42-20-111:24425:24425 [6] NCCL INFO Channel 09/0 : 6[6] -> 7[7] via P2P/CUMEM
ip-10-42-20-111:24421:24421 [2] NCCL INFO Channel 13/0 : 2[2] -> 3[3] via P2P/CUMEM
ip-10-42-20-111:24423:24423 [4] NCCL INFO Channel 13/0 : 4[4] -> 5[5] via P2P/CUMEM
ip-10-42-20-223:24787:24787 [6] NCCL INFO Channel 09/0 : 14[6] -> 15[7] via P2P/CUMEM
ip-10-42-20-223:24781:24781 [0] NCCL INFO Channel 13/0 : 8[0] -> 9[1] via P2P/CUMEM
ip-10-42-20-223:24783:24783 [2] NCCL INFO Channel 14/0 : 10[2] -> 11[3] via P2P/CUMEM
ip-10-42-20-111:24425:24425 [6] NCCL INFO Channel 10/0 : 6[6] -> 7[7] via P2P/CUMEM
ip-10-42-20-111:24419:24419 [0] NCCL INFO Channel 13/0 : 0[0] -> 1[1] via P2P/CUMEM
ip-10-42-20-223:24785:24785 [4] NCCL INFO Channel 12/0 : 12[4] -> 13[5] via P2P/CUMEM
ip-10-42-20-223:24781:24781 [0] NCCL INFO Channel 14/0 : 8[0] -> 9[1] via P2P/CUMEM
ip-10-42-20-223:24783:24783 [2] NCCL INFO Channel 15/0 : 10[2] -> 11[3] via P2P/CUMEM
ip-10-42-20-223:24787:24787 [6] NCCL INFO Channel 10/0 : 14[6] -> 15[7] via P2P/CUMEM
ip-10-42-20-111:24421:24421 [2] NCCL INFO Channel 14/0 : 2[2] -> 3[3] via P2P/CUMEM
ip-10-42-20-111:24425:24425 [6] NCCL INFO Channel 11/0 : 6[6] -> 7[7] via P2P/CUMEM
ip-10-42-20-111:24419:24419 [0] NCCL INFO Channel 14/0 : 0[0] -> 1[1] via P2P/CUMEM
ip-10-42-20-111:24419:24419 [0] NCCL INFO Channel 15/0 : 0[0] -> 1[1] via P2P/CUMEM
ip-10-42-20-223:24781:24781 [0] NCCL INFO Channel 15/0 : 8[0] -> 9[1] via P2P/CUMEM
ip-10-42-20-223:24787:24787 [6] NCCL INFO Channel 11/0 : 14[6] -> 15[7] via P2P/CUMEM
ip-10-42-20-111:24421:24421 [2] NCCL INFO Channel 15/0 : 2[2] -> 3[3] via P2P/CUMEM
ip-10-42-20-111:24423:24423 [4] NCCL INFO Channel 14/0 : 4[4] -> 5[5] via P2P/CUMEM
ip-10-42-20-223:24785:24785 [4] NCCL INFO Channel 13/0 : 12[4] -> 13[5] via P2P/CUMEM
ip-10-42-20-111:24425:24425 [6] NCCL INFO Channel 12/0 : 6[6] -> 7[7] via P2P/CUMEM
ip-10-42-20-111:24425:24425 [6] NCCL INFO Channel 14/0 : 6[6] -> 7[7] via P2P/CUMEM
ip-10-42-20-223:24787:24787 [6] NCCL INFO Channel 12/0 : 14[6] -> 15[7] via P2P/CUMEM
ip-10-42-20-223:24785:24785 [4] NCCL INFO Channel 14/0 : 12[4] -> 13[5] via P2P/CUMEM
ip-10-42-20-223:24782:24782 [1] NCCL INFO Channel 00/0 : 9[1] -> 14[6] via P2P/CUMEM
ip-10-42-20-223:24781:24781 [0] NCCL INFO Channel 00/0 : 8[0] -> 11[3] via P2P/CUMEM
ip-10-42-20-111:24423:24423 [4] NCCL INFO Channel 00/0 : 4[4] -> 7[7] via P2P/CUMEM
ip-10-42-20-111:24423:24423 [4] NCCL INFO Channel 01/0 : 4[4] -> 7[7] via P2P/CUMEM
ip-10-42-20-223:24781:24781 [0] NCCL INFO Channel 01/0 : 8[0] -> 11[3] via P2P/CUMEM
ip-10-42-20-111:24421:24421 [2] NCCL INFO Channel 01/0 : 2[2] -> 5[5] via P2P/CUMEM
ip-10-42-20-111:24425:24425 [6] NCCL INFO Channel 15/0 : 6[6] -> 7[7] via P2P/CUMEM
ip-10-42-20-223:24787:24787 [6] NCCL INFO Channel 14/0 : 14[6] -> 15[7] via P2P/CUMEM
ip-10-42-20-223:24782:24782 [1] NCCL INFO Channel 01/0 : 9[1] -> 14[6] via P2P/CUMEM
ip-10-42-20-223:24785:24785 [4] NCCL INFO Channel 00/0 : 12[4] -> 15[7] via P2P/CUMEM
ip-10-42-20-111:24423:24423 [4] NCCL INFO Channel 02/0 : 4[4] -> 7[7] via P2P/CUMEM
ip-10-42-20-111:24421:24421 [2] NCCL INFO Channel 02/0 : 2[2] -> 5[5] via P2P/CUMEM
ip-10-42-20-223:24782:24782 [1] NCCL INFO Channel 02/0 : 9[1] -> 14[6] via P2P/CUMEM
ip-10-42-20-223:24781:24781 [0] NCCL INFO Channel 03/0 : 8[0] -> 11[3] via P2P/CUMEM
ip-10-42-20-223:24787:24787 [6] NCCL INFO Channel 15/0 : 14[6] -> 15[7] via P2P/CUMEM
ip-10-42-20-223:24785:24785 [4] NCCL INFO Channel 01/0 : 12[4] -> 15[7] via P2P/CUMEM
ip-10-42-20-223:24783:24783 [2] NCCL INFO Channel 01/0 : 10[2] -> 13[5] via P2P/CUMEM
ip-10-42-20-111:24419:24419 [0] NCCL INFO Channel 00/0 : 0[0] -> 3[3] via P2P/CUMEM
ip-10-42-20-223:24782:24782 [1] NCCL INFO Channel 03/0 : 9[1] -> 14[6] via P2P/CUMEM
ip-10-42-20-111:24420:24420 [1] NCCL INFO Channel 00/0 : 1[1] -> 6[6] via P2P/CUMEM
ip-10-42-20-223:24781:24781 [0] NCCL INFO Channel 04/0 : 8[0] -> 11[3] via P2P/CUMEM
ip-10-42-20-111:24420:24420 [1] NCCL INFO Channel 01/0 : 1[1] -> 6[6] via P2P/CUMEM
ip-10-42-20-111:24421:24421 [2] NCCL INFO Channel 03/0 : 2[2] -> 5[5] via P2P/CUMEM
ip-10-42-20-223:24785:24785 [4] NCCL INFO Channel 02/0 : 12[4] -> 15[7] via P2P/CUMEM
ip-10-42-20-223:24783:24783 [2] NCCL INFO Channel 02/0 : 10[2] -> 13[5] via P2P/CUMEM
ip-10-42-20-111:24423:24423 [4] NCCL INFO Channel 03/0 : 4[4] -> 7[7] via P2P/CUMEM
ip-10-42-20-223:24782:24782 [1] NCCL INFO Channel 05/0 : 9[1] -> 14[6] via P2P/CUMEM
ip-10-42-20-111:24419:24419 [0] NCCL INFO Channel 01/0 : 0[0] -> 3[3] via P2P/CUMEM
ip-10-42-20-223:24781:24781 [0] NCCL INFO Channel 05/0 : 8[0] -> 11[3] via P2P/CUMEM
ip-10-42-20-111:24419:24419 [0] NCCL INFO Channel 03/0 : 0[0] -> 3[3] via P2P/CUMEM
ip-10-42-20-111:24420:24420 [1] NCCL INFO Channel 02/0 : 1[1] -> 6[6] via P2P/CUMEM
ip-10-42-20-111:24421:24421 [2] NCCL INFO Channel 04/0 : 2[2] -> 5[5] via P2P/CUMEM
ip-10-42-20-223:24782:24782 [1] NCCL INFO Channel 06/0 : 9[1] -> 14[6] via P2P/CUMEM
ip-10-42-20-223:24781:24781 [0] NCCL INFO Channel 06/0 : 8[0] -> 11[3] via P2P/CUMEM
ip-10-42-20-111:24423:24423 [4] NCCL INFO Channel 04/0 : 4[4] -> 7[7] via P2P/CUMEM
ip-10-42-20-223:24783:24783 [2] NCCL INFO Channel 03/0 : 10[2] -> 13[5] via P2P/CUMEM
ip-10-42-20-223:24785:24785 [4] NCCL INFO Channel 03/0 : 12[4] -> 15[7] via P2P/CUMEM
ip-10-42-20-223:24785:24785 [4] NCCL INFO Channel 04/0 : 12[4] -> 15[7] via P2P/CUMEM
ip-10-42-20-111:24419:24419 [0] NCCL INFO Channel 04/0 : 0[0] -> 3[3] via P2P/CUMEM
ip-10-42-20-223:24783:24783 [2] NCCL INFO Channel 04/0 : 10[2] -> 13[5] via P2P/CUMEM
ip-10-42-20-111:24421:24421 [2] NCCL INFO Channel 05/0 : 2[2] -> 5[5] via P2P/CUMEM
ip-10-42-20-111:24423:24423 [4] NCCL INFO Channel 05/0 : 4[4] -> 7[7] via P2P/CUMEM
ip-10-42-20-223:24781:24781 [0] NCCL INFO Channel 07/0 : 8[0] -> 11[3] via P2P/CUMEM
ip-10-42-20-223:24782:24782 [1] NCCL INFO Channel 07/0 : 9[1] -> 14[6] via P2P/CUMEM
ip-10-42-20-223:24782:24782 [1] NCCL INFO Channel 08/0 : 9[1] -> 14[6] via P2P/CUMEM
ip-10-42-20-111:24420:24420 [1] NCCL INFO Channel 03/0 : 1[1] -> 6[6] via P2P/CUMEM
ip-10-42-20-223:24783:24783 [2] NCCL INFO Channel 05/0 : 10[2] -> 13[5] via P2P/CUMEM
ip-10-42-20-223:24781:24781 [0] NCCL INFO Channel 08/0 : 8[0] -> 11[3] via P2P/CUMEM
ip-10-42-20-111:24421:24421 [2] NCCL INFO Channel 06/0 : 2[2] -> 5[5] via P2P/CUMEM
ip-10-42-20-111:24423:24423 [4] NCCL INFO Channel 07/0 : 4[4] -> 7[7] via P2P/CUMEM
ip-10-42-20-223:24781:24781 [0] NCCL INFO Channel 09/0 : 8[0] -> 11[3] via P2P/CUMEM
ip-10-42-20-111:24423:24423 [4] NCCL INFO Channel 08/0 : 4[4] -> 7[7] via P2P/CUMEM
ip-10-42-20-223:24785:24785 [4] NCCL INFO Channel 05/0 : 12[4] -> 15[7] via P2P/CUMEM
ip-10-42-20-223:24783:24783 [2] NCCL INFO Channel 06/0 : 10[2] -> 13[5] via P2P/CUMEM
ip-10-42-20-111:24420:24420 [1] NCCL INFO Channel 05/0 : 1[1] -> 6[6] via P2P/CUMEM
ip-10-42-20-111:24421:24421 [2] NCCL INFO Channel 07/0 : 2[2] -> 5[5] via P2P/CUMEM
ip-10-42-20-111:24419:24419 [0] NCCL INFO Channel 05/0 : 0[0] -> 3[3] via P2P/CUMEM
ip-10-42-20-111:24419:24419 [0] NCCL INFO Channel 06/0 : 0[0] -> 3[3] via P2P/CUMEM
ip-10-42-20-223:24783:24783 [2] NCCL INFO Channel 07/0 : 10[2] -> 13[5] via P2P/CUMEM
ip-10-42-20-223:24782:24782 [1] NCCL INFO Channel 09/0 : 9[1] -> 14[6] via P2P/CUMEM
ip-10-42-20-111:24423:24423 [4] NCCL INFO Channel 09/0 : 4[4] -> 7[7] via P2P/CUMEM
ip-10-42-20-111:24421:24421 [2] NCCL INFO Channel 09/0 : 2[2] -> 5[5] via P2P/CUMEM
ip-10-42-20-111:24420:24420 [1] NCCL INFO Channel 06/0 : 1[1] -> 6[6] via P2P/CUMEM
ip-10-42-20-223:24782:24782 [1] NCCL INFO Channel 10/0 : 9[1] -> 14[6] via P2P/CUMEM
ip-10-42-20-223:24781:24781 [0] NCCL INFO Channel 11/0 : 8[0] -> 11[3] via P2P/CUMEM
ip-10-42-20-223:24785:24785 [4] NCCL INFO Channel 07/0 : 12[4] -> 15[7] via P2P/CUMEM
ip-10-42-20-223:24783:24783 [2] NCCL INFO Channel 09/0 : 10[2] -> 13[5] via P2P/CUMEM
ip-10-42-20-111:24419:24419 [0] NCCL INFO Channel 07/0 : 0[0] -> 3[3] via P2P/CUMEM
ip-10-42-20-111:24420:24420 [1] NCCL INFO Channel 07/0 : 1[1] -> 6[6] via P2P/CUMEM
ip-10-42-20-111:24421:24421 [2] NCCL INFO Channel 10/0 : 2[2] -> 5[5] via P2P/CUMEM
ip-10-42-20-223:24783:24783 [2] NCCL INFO Channel 10/0 : 10[2] -> 13[5] via P2P/CUMEM
ip-10-42-20-223:24781:24781 [0] NCCL INFO Channel 12/0 : 8[0] -> 11[3] via P2P/CUMEM
ip-10-42-20-223:24785:24785 [4] NCCL INFO Channel 08/0 : 12[4] -> 15[7] via P2P/CUMEM
ip-10-42-20-111:24423:24423 [4] NCCL INFO Channel 10/0 : 4[4] -> 7[7] via P2P/CUMEM
ip-10-42-20-111:24420:24420 [1] NCCL INFO Channel 08/0 : 1[1] -> 6[6] via P2P/CUMEM
ip-10-42-20-111:24421:24421 [2] NCCL INFO Channel 11/0 : 2[2] -> 5[5] via P2P/CUMEM
ip-10-42-20-111:24419:24419 [0] NCCL INFO Channel 08/0 : 0[0] -> 3[3] via P2P/CUMEM
ip-10-42-20-223:24782:24782 [1] NCCL INFO Channel 11/0 : 9[1] -> 14[6] via P2P/CUMEM
ip-10-42-20-223:24781:24781 [0] NCCL INFO Channel 13/0 : 8[0] -> 11[3] via P2P/CUMEM
ip-10-42-20-223:24783:24783 [2] NCCL INFO Channel 11/0 : 10[2] -> 13[5] via P2P/CUMEM
ip-10-42-20-111:24419:24419 [0] NCCL INFO Channel 09/0 : 0[0] -> 3[3] via P2P/CUMEM
ip-10-42-20-111:24421:24421 [2] NCCL INFO Channel 12/0 : 2[2] -> 5[5] via P2P/CUMEM
ip-10-42-20-111:24420:24420 [1] NCCL INFO Channel 09/0 : 1[1] -> 6[6] via P2P/CUMEM
ip-10-42-20-223:24785:24785 [4] NCCL INFO Channel 09/0 : 12[4] -> 15[7] via P2P/CUMEM
ip-10-42-20-223:24781:24781 [0] NCCL INFO Channel 14/0 : 8[0] -> 11[3] via P2P/CUMEM
ip-10-42-20-223:24782:24782 [1] NCCL INFO Channel 13/0 : 9[1] -> 14[6] via P2P/CUMEM
ip-10-42-20-223:24783:24783 [2] NCCL INFO Channel 12/0 : 10[2] -> 13[5] via P2P/CUMEM
ip-10-42-20-111:24423:24423 [4] NCCL INFO Channel 11/0 : 4[4] -> 7[7] via P2P/CUMEM
ip-10-42-20-111:24419:24419 [0] NCCL INFO Channel 11/0 : 0[0] -> 3[3] via P2P/CUMEM
ip-10-42-20-111:24421:24421 [2] NCCL INFO Channel 13/0 : 2[2] -> 5[5] via P2P/CUMEM
ip-10-42-20-111:24420:24420 [1] NCCL INFO Channel 10/0 : 1[1] -> 6[6] via P2P/CUMEM
ip-10-42-20-223:24783:24783 [2] NCCL INFO Channel 13/0 : 10[2] -> 13[5] via P2P/CUMEM
ip-10-42-20-223:24781:24781 [0] NCCL INFO Channel 15/0 : 8[0] -> 11[3] via P2P/CUMEM
ip-10-42-20-223:24782:24782 [1] NCCL INFO Channel 14/0 : 9[1] -> 14[6] via P2P/CUMEM
ip-10-42-20-111:24420:24420 [1] NCCL INFO Channel 11/0 : 1[1] -> 6[6] via P2P/CUMEM
ip-10-42-20-111:24423:24423 [4] NCCL INFO Channel 12/0 : 4[4] -> 7[7] via P2P/CUMEM
ip-10-42-20-111:24419:24419 [0] NCCL INFO Channel 12/0 : 0[0] -> 3[3] via P2P/CUMEM
ip-10-42-20-111:24421:24421 [2] NCCL INFO Channel 14/0 : 2[2] -> 5[5] via P2P/CUMEM
ip-10-42-20-223:24785:24785 [4] NCCL INFO Channel 10/0 : 12[4] -> 15[7] via P2P/CUMEM
ip-10-42-20-223:24782:24782 [1] NCCL INFO Channel 15/0 : 9[1] -> 14[6] via P2P/CUMEM
ip-10-42-20-223:24783:24783 [2] NCCL INFO Channel 14/0 : 10[2] -> 13[5] via P2P/CUMEM
ip-10-42-20-111:24419:24419 [0] NCCL INFO Channel 13/0 : 0[0] -> 3[3] via P2P/CUMEM
ip-10-42-20-111:24421:24421 [2] NCCL INFO Channel 15/0 : 2[2] -> 5[5] via P2P/CUMEM
ip-10-42-20-223:24785:24785 [4] NCCL INFO Channel 11/0 : 12[4] -> 15[7] via P2P/CUMEM
ip-10-42-20-223:24785:24785 [4] NCCL INFO Channel 12/0 : 12[4] -> 15[7] via P2P/CUMEM
ip-10-42-20-223:24783:24783 [2] NCCL INFO Channel 15/0 : 10[2] -> 13[5] via P2P/CUMEM
ip-10-42-20-111:24420:24420 [1] NCCL INFO Channel 13/0 : 1[1] -> 6[6] via P2P/CUMEM
ip-10-42-20-111:24423:24423 [4] NCCL INFO Channel 13/0 : 4[4] -> 7[7] via P2P/CUMEM
ip-10-42-20-111:24419:24419 [0] NCCL INFO Channel 14/0 : 0[0] -> 3[3] via P2P/CUMEM
ip-10-42-20-223:24785:24785 [4] NCCL INFO Channel 13/0 : 12[4] -> 15[7] via P2P/CUMEM
ip-10-42-20-111:24419:24419 [0] NCCL INFO Channel 15/0 : 0[0] -> 3[3] via P2P/CUMEM
ip-10-42-20-111:24420:24420 [1] NCCL INFO Channel 14/0 : 1[1] -> 6[6] via P2P/CUMEM
ip-10-42-20-223:24785:24785 [4] NCCL INFO Channel 15/0 : 12[4] -> 15[7] via P2P/CUMEM
ip-10-42-20-111:24423:24423 [4] NCCL INFO Channel 15/0 : 4[4] -> 7[7] via P2P/CUMEM
ip-10-42-20-223:24786:24786 [5] NCCL INFO NCCL_NET_FORCE_FLUSH set by environment to 0.
ip-10-42-20-223:24783:24783 [2] NCCL INFO NCCL_NET_FORCE_FLUSH set by environment to 0.
ip-10-42-20-223:24782:24782 [1] NCCL INFO NCCL_NET_FORCE_FLUSH set by environment to 0.
ip-10-42-20-223:24787:24787 [6] NCCL INFO NCCL_NET_FORCE_FLUSH set by environment to 0.
ip-10-42-20-111:24420:24420 [1] NCCL INFO Channel 15/0 : 1[1] -> 6[6] via P2P/CUMEM
ip-10-42-20-223:24785:24785 [4] NCCL INFO NCCL_NET_FORCE_FLUSH set by environment to 0.
ip-10-42-20-223:24788:24788 [7] NCCL INFO NCCL_NET_FORCE_FLUSH set by environment to 0.
ip-10-42-20-111:24424:24424 [5] NCCL INFO NCCL_NET_FORCE_FLUSH set by environment to 0.
ip-10-42-20-111:24421:24421 [2] NCCL INFO NCCL_NET_FORCE_FLUSH set by environment to 0.
ip-10-42-20-111:24419:24419 [0] NCCL INFO NCCL_NET_FORCE_FLUSH set by environment to 0.
ip-10-42-20-111:24422:24422 [3] NCCL INFO NCCL_NET_FORCE_FLUSH set by environment to 0.
ip-10-42-20-111:24425:24425 [6] NCCL INFO NCCL_NET_FORCE_FLUSH set by environment to 0.
ip-10-42-20-111:24423:24423 [4] NCCL INFO NCCL_NET_FORCE_FLUSH set by environment to 0.
ip-10-42-20-111:24420:24420 [1] NCCL INFO NCCL_NET_FORCE_FLUSH set by environment to 0.
ip-10-42-20-111:24426:24426 [7] NCCL INFO NCCL_NET_FORCE_FLUSH set by environment to 0.
ip-10-42-20-223:24781:24781 [0] NCCL INFO NCCL_NET_FORCE_FLUSH set by environment to 0.
ip-10-42-20-223:24784:24784 [3] NCCL INFO NCCL_NET_FORCE_FLUSH set by environment to 0.
ip-10-42-20-223:24786:24907 [0] NCCL INFO [Proxy Progress] Device 5 CPU core 95
ip-10-42-20-223:24785:24908 [0] NCCL INFO [Proxy Progress] Device 4 CPU core 88
ip-10-42-20-223:24783:24909 [0] NCCL INFO [Proxy Progress] Device 2 CPU core 18
ip-10-42-20-223:24788:24910 [0] NCCL INFO [Proxy Progress] Device 7 CPU core 59
ip-10-42-20-223:24787:24912 [0] NCCL INFO [Proxy Progress] Device 6 CPU core 66
ip-10-42-20-223:24782:24911 [0] NCCL INFO [Proxy Progress] Device 1 CPU core 27
ip-10-42-20-111:24424:24537 [0] NCCL INFO [Proxy Progress] Device 5 CPU core 92
ip-10-42-20-111:24419:24538 [0] NCCL INFO [Proxy Progress] Device 0 CPU core 41
ip-10-42-20-111:24423:24539 [0] NCCL INFO [Proxy Progress] Device 4 CPU core 85
ip-10-42-20-111:24426:24540 [0] NCCL INFO [Proxy Progress] Device 7 CPU core 69
ip-10-42-20-111:24425:24542 [0] NCCL INFO [Proxy Progress] Device 6 CPU core 57
ip-10-42-20-111:24420:24541 [0] NCCL INFO [Proxy Progress] Device 1 CPU core 34
ip-10-42-20-223:24781:24913 [0] NCCL INFO [Proxy Progress] Device 0 CPU core 46
ip-10-42-20-223:24784:24914 [0] NCCL INFO [Proxy Progress] Device 3 CPU core 19
ip-10-42-20-111:24421:24544 [0] NCCL INFO [Proxy Progress] Device 2 CPU core 14
ip-10-42-20-111:24422:24543 [0] NCCL INFO [Proxy Progress] Device 3 CPU core 20
ip-10-42-20-111:24425:24425 [6] NCCL INFO Channel 04/0 : 14[6] -> 6[6] [receive] via NET/Libfabric/4/GDRDMA
ip-10-42-20-111:24425:24425 [6] NCCL INFO Channel 12/0 : 14[6] -> 6[6] [receive] via NET/Libfabric/4/GDRDMA
ip-10-42-20-111:24425:24425 [6] NCCL INFO Channel 04/0 : 6[6] -> 14[6] [send] via NET/Libfabric/4/GDRDMA
ip-10-42-20-111:24425:24425 [6] NCCL INFO Channel 12/0 : 6[6] -> 14[6] [send] via NET/Libfabric/4/GDRDMA
ip-10-42-20-111:24424:24424 [5] NCCL INFO Channel 07/0 : 13[5] -> 5[5] [receive] via NET/Libfabric/7/GDRDMA
ip-10-42-20-111:24424:24424 [5] NCCL INFO Channel 15/0 : 13[5] -> 5[5] [receive] via NET/Libfabric/7/GDRDMA
ip-10-42-20-111:24424:24424 [5] NCCL INFO Channel 07/0 : 5[5] -> 13[5] [send] via NET/Libfabric/7/GDRDMA
ip-10-42-20-111:24424:24424 [5] NCCL INFO Channel 15/0 : 5[5] -> 13[5] [send] via NET/Libfabric/7/GDRDMA
ip-10-42-20-223:24786:24786 [5] NCCL INFO Channel 07/0 : 5[5] -> 13[5] [receive] via NET/Libfabric/7/GDRDMA
ip-10-42-20-223:24786:24786 [5] NCCL INFO Channel 15/0 : 5[5] -> 13[5] [receive] via NET/Libfabric/7/GDRDMA
ip-10-42-20-223:24786:24786 [5] NCCL INFO Channel 07/0 : 13[5] -> 5[5] [send] via NET/Libfabric/7/GDRDMA
ip-10-42-20-223:24786:24786 [5] NCCL INFO Channel 15/0 : 13[5] -> 5[5] [send] via NET/Libfabric/7/GDRDMA
ip-10-42-20-223:24786:24786 [5] NCCL INFO Channel 01/0 : 13[5] -> 10[2] via P2P/CUMEM
ip-10-42-20-111:24424:24424 [5] NCCL INFO Channel 01/0 : 5[5] -> 2[2] via P2P/CUMEM
ip-10-42-20-111:24424:24424 [5] NCCL INFO Channel 02/0 : 5[5] -> 2[2] via P2P/CUMEM
ip-10-42-20-223:24786:24786 [5] NCCL INFO Channel 02/0 : 13[5] -> 10[2] via P2P/CUMEM
ip-10-42-20-111:24423:24423 [4] NCCL INFO Channel 06/0 : 12[4] -> 4[4] [receive] via NET/Libfabric/6/GDRDMA
ip-10-42-20-111:24423:24423 [4] NCCL INFO Channel 14/0 : 12[4] -> 4[4] [receive] via NET/Libfabric/6/GDRDMA
ip-10-42-20-223:24786:24786 [5] NCCL INFO Channel 03/0 : 13[5] -> 10[2] via P2P/CUMEM
ip-10-42-20-111:24424:24424 [5] NCCL INFO Channel 03/0 : 5[5] -> 2[2] via P2P/CUMEM
ip-10-42-20-111:24423:24423 [4] NCCL INFO Channel 06/0 : 4[4] -> 12[4] [send] via NET/Libfabric/6/GDRDMA
ip-10-42-20-111:24423:24423 [4] NCCL INFO Channel 14/0 : 4[4] -> 12[4] [send] via NET/Libfabric/6/GDRDMA
ip-10-42-20-223:24786:24786 [5] NCCL INFO Channel 04/0 : 13[5] -> 10[2] via P2P/CUMEM
ip-10-42-20-111:24424:24424 [5] NCCL INFO Channel 04/0 : 5[5] -> 2[2] via P2P/CUMEM
ip-10-42-20-111:24421:24421 [2] NCCL INFO Channel 00/0 : 10[2] -> 2[2] [receive] via NET/Libfabric/0/GDRDMA
ip-10-42-20-223:24787:24787 [6] NCCL INFO Channel 04/0 : 6[6] -> 14[6] [receive] via NET/Libfabric/4/GDRDMA
ip-10-42-20-223:24786:24786 [5] NCCL INFO Channel 05/0 : 13[5] -> 10[2] via P2P/CUMEM
ip-10-42-20-111:24424:24424 [5] NCCL INFO Channel 05/0 : 5[5] -> 2[2] via P2P/CUMEM
ip-10-42-20-111:24419:24419 [0] NCCL INFO Channel 02/0 : 8[0] -> 0[0] [receive] via NET/Libfabric/2/GDRDMA
ip-10-42-20-111:24421:24421 [2] NCCL INFO Channel 08/0 : 10[2] -> 2[2] [receive] via NET/Libfabric/0/GDRDMA
ip-10-42-20-223:24782:24782 [1] NCCL INFO Channel 03/0 : 1[1] -> 9[1] [receive] via NET/Libfabric/3/GDRDMA
ip-10-42-20-223:24787:24787 [6] NCCL INFO Channel 12/0 : 6[6] -> 14[6] [receive] via NET/Libfabric/4/GDRDMA
ip-10-42-20-223:24786:24786 [5] NCCL INFO Channel 06/0 : 13[5] -> 10[2] via P2P/CUMEM
ip-10-42-20-111:24421:24421 [2] NCCL INFO Channel 00/0 : 2[2] -> 10[2] [send] via NET/Libfabric/0/GDRDMA
ip-10-42-20-111:24424:24424 [5] NCCL INFO Channel 06/0 : 5[5] -> 2[2] via P2P/CUMEM
ip-10-42-20-223:24787:24787 [6] NCCL INFO Channel 04/0 : 14[6] -> 6[6] [send] via NET/Libfabric/4/GDRDMA
ip-10-42-20-111:24419:24419 [0] NCCL INFO Channel 10/0 : 8[0] -> 0[0] [receive] via NET/Libfabric/2/GDRDMA
ip-10-42-20-111:24421:24421 [2] NCCL INFO Channel 08/0 : 2[2] -> 10[2] [send] via NET/Libfabric/0/GDRDMA
ip-10-42-20-223:24782:24782 [1] NCCL INFO Channel 11/0 : 1[1] -> 9[1] [receive] via NET/Libfabric/3/GDRDMA
ip-10-42-20-111:24419:24419 [0] NCCL INFO Channel 02/0 : 0[0] -> 8[0] [send] via NET/Libfabric/2/GDRDMA
ip-10-42-20-223:24787:24787 [6] NCCL INFO Channel 12/0 : 14[6] -> 6[6] [send] via NET/Libfabric/4/GDRDMA
ip-10-42-20-223:24786:24786 [5] NCCL INFO Channel 07/0 : 13[5] -> 10[2] via P2P/CUMEM
ip-10-42-20-111:24424:24424 [5] NCCL INFO Channel 07/0 : 5[5] -> 2[2] via P2P/CUMEM
ip-10-42-20-223:24782:24782 [1] NCCL INFO Channel 03/0 : 9[1] -> 1[1] [send] via NET/Libfabric/3/GDRDMA
ip-10-42-20-111:24419:24419 [0] NCCL INFO Channel 10/0 : 0[0] -> 8[0] [send] via NET/Libfabric/2/GDRDMA
ip-10-42-20-223:24787:24787 [6] NCCL INFO Channel 00/0 : 14[6] -> 9[1] via P2P/CUMEM
ip-10-42-20-111:24425:24425 [6] NCCL INFO Channel 00/0 : 6[6] -> 1[1] via P2P/CUMEM
ip-10-42-20-223:24782:24782 [1] NCCL INFO Channel 11/0 : 9[1] -> 1[1] [send] via NET/Libfabric/3/GDRDMA
ip-10-42-20-223:24786:24786 [5] NCCL INFO Channel 09/0 : 13[5] -> 10[2] via P2P/CUMEM
ip-10-42-20-111:24424:24424 [5] NCCL INFO Channel 09/0 : 5[5] -> 2[2] via P2P/CUMEM
ip-10-42-20-111:24425:24425 [6] NCCL INFO Channel 01/0 : 6[6] -> 1[1] via P2P/CUMEM
ip-10-42-20-223:24784:24784 [3] NCCL INFO Channel 01/0 : 3[3] -> 11[3] [receive] via NET/Libfabric/1/GDRDMA
ip-10-42-20-223:24786:24786 [5] NCCL INFO Channel 10/0 : 13[5] -> 10[2] via P2P/CUMEM
ip-10-42-20-111:24424:24424 [5] NCCL INFO Channel 10/0 : 5[5] -> 2[2] via P2P/CUMEM
ip-10-42-20-223:24787:24787 [6] NCCL INFO Channel 01/0 : 14[6] -> 9[1] via P2P/CUMEM
ip-10-42-20-223:24783:24783 [2] NCCL INFO Channel 00/0 : 2[2] -> 10[2] [receive] via NET/Libfabric/0/GDRDMA
ip-10-42-20-223:24784:24784 [3] NCCL INFO Channel 09/0 : 3[3] -> 11[3] [receive] via NET/Libfabric/1/GDRDMA
ip-10-42-20-223:24784:24784 [3] NCCL INFO Channel 01/0 : 11[3] -> 3[3] [send] via NET/Libfabric/1/GDRDMA
ip-10-42-20-111:24425:24425 [6] NCCL INFO Channel 02/0 : 6[6] -> 1[1] via P2P/CUMEM
ip-10-42-20-223:24786:24786 [5] NCCL INFO Channel 11/0 : 13[5] -> 10[2] via P2P/CUMEM
ip-10-42-20-223:24783:24783 [2] NCCL INFO Channel 08/0 : 2[2] -> 10[2] [receive] via NET/Libfabric/0/GDRDMA
ip-10-42-20-111:24424:24424 [5] NCCL INFO Channel 11/0 : 5[5] -> 2[2] via P2P/CUMEM
ip-10-42-20-223:24787:24787 [6] NCCL INFO Channel 02/0 : 14[6] -> 9[1] via P2P/CUMEM
ip-10-42-20-223:24784:24784 [3] NCCL INFO Channel 09/0 : 11[3] -> 3[3] [send] via NET/Libfabric/1/GDRDMA
ip-10-42-20-223:24783:24783 [2] NCCL INFO Channel 00/0 : 10[2] -> 2[2] [send] via NET/Libfabric/0/GDRDMA
ip-10-42-20-223:24786:24786 [5] NCCL INFO Channel 12/0 : 13[5] -> 10[2] via P2P/CUMEM
ip-10-42-20-111:24425:24425 [6] NCCL INFO Channel 03/0 : 6[6] -> 1[1] via P2P/CUMEM
ip-10-42-20-223:24783:24783 [2] NCCL INFO Channel 08/0 : 10[2] -> 2[2] [send] via NET/Libfabric/0/GDRDMA
ip-10-42-20-223:24787:24787 [6] NCCL INFO Channel 03/0 : 14[6] -> 9[1] via P2P/CUMEM
ip-10-42-20-111:24424:24424 [5] NCCL INFO Channel 12/0 : 5[5] -> 2[2] via P2P/CUMEM
ip-10-42-20-111:24422:24422 [3] NCCL INFO Channel 01/0 : 11[3] -> 3[3] [receive] via NET/Libfabric/1/GDRDMA
ip-10-42-20-111:24420:24420 [1] NCCL INFO Channel 03/0 : 9[1] -> 1[1] [receive] via NET/Libfabric/3/GDRDMA
ip-10-42-20-223:24786:24786 [5] NCCL INFO Channel 13/0 : 13[5] -> 10[2] via P2P/CUMEM
ip-10-42-20-111:24422:24422 [3] NCCL INFO Channel 09/0 : 11[3] -> 3[3] [receive] via NET/Libfabric/1/GDRDMA
ip-10-42-20-223:24787:24787 [6] NCCL INFO Channel 05/0 : 14[6] -> 9[1] via P2P/CUMEM
ip-10-42-20-111:24425:24425 [6] NCCL INFO Channel 05/0 : 6[6] -> 1[1] via P2P/CUMEM
ip-10-42-20-111:24424:24424 [5] NCCL INFO Channel 13/0 : 5[5] -> 2[2] via P2P/CUMEM
ip-10-42-20-111:24422:24422 [3] NCCL INFO Channel 01/0 : 3[3] -> 11[3] [send] via NET/Libfabric/1/GDRDMA
ip-10-42-20-111:24420:24420 [1] NCCL INFO Channel 11/0 : 9[1] -> 1[1] [receive] via NET/Libfabric/3/GDRDMA
ip-10-42-20-111:24422:24422 [3] NCCL INFO Channel 09/0 : 3[3] -> 11[3] [send] via NET/Libfabric/1/GDRDMA
ip-10-42-20-111:24420:24420 [1] NCCL INFO Channel 03/0 : 1[1] -> 9[1] [send] via NET/Libfabric/3/GDRDMA
ip-10-42-20-111:24425:24425 [6] NCCL INFO Channel 06/0 : 6[6] -> 1[1] via P2P/CUMEM
ip-10-42-20-111:24422:24422 [3] NCCL INFO Channel 00/0 : 3[3] -> 0[0] via P2P/CUMEM
ip-10-42-20-223:24786:24786 [5] NCCL INFO Channel 14/0 : 13[5] -> 10[2] via P2P/CUMEM
ip-10-42-20-223:24784:24784 [3] NCCL INFO Channel 00/0 : 11[3] -> 8[0] via P2P/CUMEM
ip-10-42-20-111:24420:24420 [1] NCCL INFO Channel 11/0 : 1[1] -> 9[1] [send] via NET/Libfabric/3/GDRDMA
ip-10-42-20-111:24424:24424 [5] NCCL INFO Channel 14/0 : 5[5] -> 2[2] via P2P/CUMEM
ip-10-42-20-223:24787:24787 [6] NCCL INFO Channel 06/0 : 14[6] -> 9[1] via P2P/CUMEM
ip-10-42-20-223:24788:24788 [7] NCCL INFO Channel 05/0 : 7[7] -> 15[7] [receive] via NET/Libfabric/5/GDRDMA
ip-10-42-20-111:24426:24426 [7] NCCL INFO Channel 05/0 : 15[7] -> 7[7] [receive] via NET/Libfabric/5/GDRDMA
ip-10-42-20-223:24788:24788 [7] NCCL INFO Channel 13/0 : 7[7] -> 15[7] [receive] via NET/Libfabric/5/GDRDMA
ip-10-42-20-111:24426:24426 [7] NCCL INFO Channel 13/0 : 15[7] -> 7[7] [receive] via NET/Libfabric/5/GDRDMA
ip-10-42-20-223:24786:24786 [5] NCCL INFO Channel 15/0 : 13[5] -> 10[2] via P2P/CUMEM
ip-10-42-20-223:24788:24788 [7] NCCL INFO Channel 05/0 : 15[7] -> 7[7] [send] via NET/Libfabric/5/GDRDMA
ip-10-42-20-111:24424:24424 [5] NCCL INFO Channel 15/0 : 5[5] -> 2[2] via P2P/CUMEM
ip-10-42-20-111:24426:24426 [7] NCCL INFO Channel 05/0 : 7[7] -> 15[7] [send] via NET/Libfabric/5/GDRDMA
ip-10-42-20-111:24425:24425 [6] NCCL INFO Channel 07/0 : 6[6] -> 1[1] via P2P/CUMEM
ip-10-42-20-223:24788:24788 [7] NCCL INFO Channel 13/0 : 15[7] -> 7[7] [send] via NET/Libfabric/5/GDRDMA
ip-10-42-20-111:24422:24422 [3] NCCL INFO Channel 01/0 : 3[3] -> 0[0] via P2P/CUMEM
ip-10-42-20-111:24426:24426 [7] NCCL INFO Channel 13/0 : 7[7] -> 15[7] [send] via NET/Libfabric/5/GDRDMA
ip-10-42-20-223:24785:24785 [4] NCCL INFO Channel 06/0 : 4[4] -> 12[4] [receive] via NET/Libfabric/6/GDRDMA
ip-10-42-20-223:24787:24787 [6] NCCL INFO Channel 07/0 : 14[6] -> 9[1] via P2P/CUMEM
ip-10-42-20-223:24784:24784 [3] NCCL INFO Channel 01/0 : 11[3] -> 8[0] via P2P/CUMEM
ip-10-42-20-223:24788:24788 [7] NCCL INFO Channel 00/0 : 15[7] -> 12[4] via P2P/CUMEM
ip-10-42-20-111:24426:24426 [7] NCCL INFO Channel 00/0 : 7[7] -> 4[4] via P2P/CUMEM
ip-10-42-20-223:24785:24785 [4] NCCL INFO Channel 14/0 : 4[4] -> 12[4] [receive] via NET/Libfabric/6/GDRDMA
ip-10-42-20-223:24785:24785 [4] NCCL INFO Channel 06/0 : 12[4] -> 4[4] [send] via NET/Libfabric/6/GDRDMA
ip-10-42-20-223:24785:24785 [4] NCCL INFO Channel 14/0 : 12[4] -> 4[4] [send] via NET/Libfabric/6/GDRDMA
ip-10-42-20-111:24425:24425 [6] NCCL INFO Channel 08/0 : 6[6] -> 1[1] via P2P/CUMEM
ip-10-42-20-111:24422:24422 [3] NCCL INFO Channel 03/0 : 3[3] -> 0[0] via P2P/CUMEM
ip-10-42-20-223:24784:24784 [3] NCCL INFO Channel 03/0 : 11[3] -> 8[0] via P2P/CUMEM
ip-10-42-20-223:24787:24787 [6] NCCL INFO Channel 08/0 : 14[6] -> 9[1] via P2P/CUMEM
ip-10-42-20-111:24426:24426 [7] NCCL INFO Channel 01/0 : 7[7] -> 4[4] via P2P/CUMEM
ip-10-42-20-223:24788:24788 [7] NCCL INFO Channel 01/0 : 15[7] -> 12[4] via P2P/CUMEM
ip-10-42-20-223:24781:24781 [0] NCCL INFO Channel 02/0 : 0[0] -> 8[0] [receive] via NET/Libfabric/2/GDRDMA
ip-10-42-20-111:24426:24426 [7] NCCL INFO Channel 02/0 : 7[7] -> 4[4] via P2P/CUMEM
ip-10-42-20-223:24781:24781 [0] NCCL INFO Channel 10/0 : 0[0] -> 8[0] [receive] via NET/Libfabric/2/GDRDMA
ip-10-42-20-111:24422:24422 [3] NCCL INFO Channel 04/0 : 3[3] -> 0[0] via P2P/CUMEM
ip-10-42-20-111:24425:24425 [6] NCCL INFO Channel 09/0 : 6[6] -> 1[1] via P2P/CUMEM
ip-10-42-20-223:24781:24781 [0] NCCL INFO Channel 02/0 : 8[0] -> 0[0] [send] via NET/Libfabric/2/GDRDMA
ip-10-42-20-223:24787:24787 [6] NCCL INFO Channel 09/0 : 14[6] -> 9[1] via P2P/CUMEM
ip-10-42-20-223:24788:24788 [7] NCCL INFO Channel 02/0 : 15[7] -> 12[4] via P2P/CUMEM
ip-10-42-20-223:24781:24781 [0] NCCL INFO Channel 10/0 : 8[0] -> 0[0] [send] via NET/Libfabric/2/GDRDMA
ip-10-42-20-223:24784:24784 [3] NCCL INFO Channel 04/0 : 11[3] -> 8[0] via P2P/CUMEM
ip-10-42-20-111:24425:24425 [6] NCCL INFO Channel 10/0 : 6[6] -> 1[1] via P2P/CUMEM
ip-10-42-20-223:24787:24787 [6] NCCL INFO Channel 10/0 : 14[6] -> 9[1] via P2P/CUMEM
ip-10-42-20-223:24784:24784 [3] NCCL INFO Channel 05/0 : 11[3] -> 8[0] via P2P/CUMEM
ip-10-42-20-223:24788:24788 [7] NCCL INFO Channel 03/0 : 15[7] -> 12[4] via P2P/CUMEM
ip-10-42-20-223:24787:24787 [6] NCCL INFO Channel 11/0 : 14[6] -> 9[1] via P2P/CUMEM
ip-10-42-20-223:24788:24788 [7] NCCL INFO Channel 04/0 : 15[7] -> 12[4] via P2P/CUMEM
ip-10-42-20-223:24784:24784 [3] NCCL INFO Channel 06/0 : 11[3] -> 8[0] via P2P/CUMEM
ip-10-42-20-223:24788:24788 [7] NCCL INFO Channel 05/0 : 15[7] -> 12[4] via P2P/CUMEM
ip-10-42-20-111:24426:24426 [7] NCCL INFO Channel 03/0 : 7[7] -> 4[4] via P2P/CUMEM
ip-10-42-20-111:24425:24425 [6] NCCL INFO Channel 11/0 : 6[6] -> 1[1] via P2P/CUMEM
ip-10-42-20-111:24422:24422 [3] NCCL INFO Channel 05/0 : 3[3] -> 0[0] via P2P/CUMEM
ip-10-42-20-223:24787:24787 [6] NCCL INFO Channel 13/0 : 14[6] -> 9[1] via P2P/CUMEM
ip-10-42-20-223:24788:24788 [7] NCCL INFO Channel 07/0 : 15[7] -> 12[4] via P2P/CUMEM
ip-10-42-20-111:24422:24422 [3] NCCL INFO Channel 06/0 : 3[3] -> 0[0] via P2P/CUMEM
ip-10-42-20-111:24426:24426 [7] NCCL INFO Channel 04/0 : 7[7] -> 4[4] via P2P/CUMEM
ip-10-42-20-223:24788:24788 [7] NCCL INFO Channel 08/0 : 15[7] -> 12[4] via P2P/CUMEM
ip-10-42-20-111:24425:24425 [6] NCCL INFO Channel 13/0 : 6[6] -> 1[1] via P2P/CUMEM
ip-10-42-20-223:24784:24784 [3] NCCL INFO Channel 07/0 : 11[3] -> 8[0] via P2P/CUMEM
ip-10-42-20-223:24787:24787 [6] NCCL INFO Channel 14/0 : 14[6] -> 9[1] via P2P/CUMEM
ip-10-42-20-111:24422:24422 [3] NCCL INFO Channel 07/0 : 3[3] -> 0[0] via P2P/CUMEM
ip-10-42-20-111:24425:24425 [6] NCCL INFO Channel 14/0 : 6[6] -> 1[1] via P2P/CUMEM
ip-10-42-20-223:24784:24784 [3] NCCL INFO Channel 08/0 : 11[3] -> 8[0] via P2P/CUMEM
ip-10-42-20-223:24787:24787 [6] NCCL INFO Channel 15/0 : 14[6] -> 9[1] via P2P/CUMEM
ip-10-42-20-111:24426:24426 [7] NCCL INFO Channel 05/0 : 7[7] -> 4[4] via P2P/CUMEM
ip-10-42-20-223:24788:24788 [7] NCCL INFO Channel 09/0 : 15[7] -> 12[4] via P2P/CUMEM
ip-10-42-20-111:24425:24425 [6] NCCL INFO Channel 15/0 : 6[6] -> 1[1] via P2P/CUMEM
ip-10-42-20-223:24784:24784 [3] NCCL INFO Channel 09/0 : 11[3] -> 8[0] via P2P/CUMEM
ip-10-42-20-223:24784:24784 [3] NCCL INFO Channel 11/0 : 11[3] -> 8[0] via P2P/CUMEM
ip-10-42-20-111:24422:24422 [3] NCCL INFO Channel 08/0 : 3[3] -> 0[0] via P2P/CUMEM
ip-10-42-20-223:24788:24788 [7] NCCL INFO Channel 10/0 : 15[7] -> 12[4] via P2P/CUMEM
ip-10-42-20-111:24426:24426 [7] NCCL INFO Channel 07/0 : 7[7] -> 4[4] via P2P/CUMEM
ip-10-42-20-223:24784:24784 [3] NCCL INFO Channel 12/0 : 11[3] -> 8[0] via P2P/CUMEM
ip-10-42-20-223:24788:24788 [7] NCCL INFO Channel 11/0 : 15[7] -> 12[4] via P2P/CUMEM
ip-10-42-20-111:24422:24422 [3] NCCL INFO Channel 09/0 : 3[3] -> 0[0] via P2P/CUMEM
ip-10-42-20-111:24426:24426 [7] NCCL INFO Channel 08/0 : 7[7] -> 4[4] via P2P/CUMEM
ip-10-42-20-111:24422:24422 [3] NCCL INFO Channel 11/0 : 3[3] -> 0[0] via P2P/CUMEM
ip-10-42-20-111:24426:24426 [7] NCCL INFO Channel 09/0 : 7[7] -> 4[4] via P2P/CUMEM
ip-10-42-20-223:24784:24784 [3] NCCL INFO Channel 13/0 : 11[3] -> 8[0] via P2P/CUMEM
ip-10-42-20-223:24788:24788 [7] NCCL INFO Channel 12/0 : 15[7] -> 12[4] via P2P/CUMEM
ip-10-42-20-111:24422:24422 [3] NCCL INFO Channel 12/0 : 3[3] -> 0[0] via P2P/CUMEM
ip-10-42-20-223:24782:24782 [1] NCCL INFO Channel 00/0 : 9[1] -> 8[0] via P2P/CUMEM
ip-10-42-20-111:24422:24422 [3] NCCL INFO Channel 13/0 : 3[3] -> 0[0] via P2P/CUMEM
ip-10-42-20-111:24426:24426 [7] NCCL INFO Channel 10/0 : 7[7] -> 4[4] via P2P/CUMEM
ip-10-42-20-223:24784:24784 [3] NCCL INFO Channel 14/0 : 11[3] -> 8[0] via P2P/CUMEM
ip-10-42-20-223:24788:24788 [7] NCCL INFO Channel 13/0 : 15[7] -> 12[4] via P2P/CUMEM
ip-10-42-20-223:24786:24786 [5] NCCL INFO Channel 00/0 : 13[5] -> 12[4] via P2P/CUMEM
ip-10-42-20-111:24426:24426 [7] NCCL INFO Channel 11/0 : 7[7] -> 4[4] via P2P/CUMEM
ip-10-42-20-223:24784:24784 [3] NCCL INFO Channel 15/0 : 11[3] -> 8[0] via P2P/CUMEM
ip-10-42-20-111:24422:24422 [3] NCCL INFO Channel 14/0 : 3[3] -> 0[0] via P2P/CUMEM
ip-10-42-20-223:24788:24788 [7] NCCL INFO Channel 15/0 : 15[7] -> 12[4] via P2P/CUMEM
ip-10-42-20-223:24786:24786 [5] NCCL INFO Channel 01/0 : 13[5] -> 12[4] via P2P/CUMEM
ip-10-42-20-111:24422:24422 [3] NCCL INFO Channel 15/0 : 3[3] -> 0[0] via P2P/CUMEM
ip-10-42-20-111:24426:24426 [7] NCCL INFO Channel 12/0 : 7[7] -> 4[4] via P2P/CUMEM
ip-10-42-20-111:24424:24424 [5] NCCL INFO Channel 00/0 : 5[5] -> 4[4] via P2P/CUMEM
ip-10-42-20-223:24786:24786 [5] NCCL INFO Channel 02/0 : 13[5] -> 12[4] via P2P/CUMEM
ip-10-42-20-223:24782:24782 [1] NCCL INFO Channel 01/0 : 9[1] -> 8[0] via P2P/CUMEM
ip-10-42-20-111:24426:24426 [7] NCCL INFO Channel 13/0 : 7[7] -> 4[4] via P2P/CUMEM
ip-10-42-20-111:24424:24424 [5] NCCL INFO Channel 01/0 : 5[5] -> 4[4] via P2P/CUMEM
ip-10-42-20-223:24786:24786 [5] NCCL INFO Channel 03/0 : 13[5] -> 12[4] via P2P/CUMEM
ip-10-42-20-223:24782:24782 [1] NCCL INFO Channel 02/0 : 9[1] -> 8[0] via P2P/CUMEM
ip-10-42-20-111:24422:24422 [3] NCCL INFO Channel 00/0 : 3[3] -> 2[2] via P2P/CUMEM
ip-10-42-20-111:24426:24426 [7] NCCL INFO Channel 15/0 : 7[7] -> 4[4] via P2P/CUMEM
ip-10-42-20-111:24420:24420 [1] NCCL INFO Channel 00/0 : 1[1] -> 0[0] via P2P/CUMEM
ip-10-42-20-223:24788:24788 [7] NCCL INFO Channel 00/0 : 15[7] -> 14[6] via P2P/CUMEM
ip-10-42-20-111:24424:24424 [5] NCCL INFO Channel 02/0 : 5[5] -> 4[4] via P2P/CUMEM
ip-10-42-20-223:24786:24786 [5] NCCL INFO Channel 04/0 : 13[5] -> 12[4] via P2P/CUMEM
ip-10-42-20-111:24420:24420 [1] NCCL INFO Channel 01/0 : 1[1] -> 0[0] via P2P/CUMEM
ip-10-42-20-111:24422:24422 [3] NCCL INFO Channel 02/0 : 3[3] -> 2[2] via P2P/CUMEM
ip-10-42-20-223:24782:24782 [1] NCCL INFO Channel 04/0 : 9[1] -> 8[0] via P2P/CUMEM
ip-10-42-20-223:24786:24786 [5] NCCL INFO Channel 05/0 : 13[5] -> 12[4] via P2P/CUMEM
ip-10-42-20-223:24784:24784 [3] NCCL INFO Channel 00/0 : 11[3] -> 10[2] via P2P/CUMEM
ip-10-42-20-111:24426:24426 [7] NCCL INFO Channel 00/0 : 7[7] -> 6[6] via P2P/CUMEM
ip-10-42-20-111:24420:24420 [1] NCCL INFO Channel 02/0 : 1[1] -> 0[0] via P2P/CUMEM
ip-10-42-20-223:24788:24788 [7] NCCL INFO Channel 01/0 : 15[7] -> 14[6] via P2P/CUMEM
ip-10-42-20-223:24782:24782 [1] NCCL INFO Channel 05/0 : 9[1] -> 8[0] via P2P/CUMEM
ip-10-42-20-223:24786:24786 [5] NCCL INFO Channel 06/0 : 13[5] -> 12[4] via P2P/CUMEM
ip-10-42-20-111:24424:24424 [5] NCCL INFO Channel 03/0 : 5[5] -> 4[4] via P2P/CUMEM
ip-10-42-20-223:24784:24784 [3] NCCL INFO Channel 02/0 : 11[3] -> 10[2] via P2P/CUMEM
ip-10-42-20-111:24422:24422 [3] NCCL INFO Channel 03/0 : 3[3] -> 2[2] via P2P/CUMEM
ip-10-42-20-111:24420:24420 [1] NCCL INFO Channel 04/0 : 1[1] -> 0[0] via P2P/CUMEM
ip-10-42-20-223:24782:24782 [1] NCCL INFO Channel 06/0 : 9[1] -> 8[0] via P2P/CUMEM
ip-10-42-20-223:24786:24786 [5] NCCL INFO Channel 08/0 : 13[5] -> 12[4] via P2P/CUMEM
ip-10-42-20-223:24784:24784 [3] NCCL INFO Channel 03/0 : 11[3] -> 10[2] via P2P/CUMEM
ip-10-42-20-111:24424:24424 [5] NCCL INFO Channel 04/0 : 5[5] -> 4[4] via P2P/CUMEM
ip-10-42-20-111:24422:24422 [3] NCCL INFO Channel 04/0 : 3[3] -> 2[2] via P2P/CUMEM
ip-10-42-20-111:24420:24420 [1] NCCL INFO Channel 05/0 : 1[1] -> 0[0] via P2P/CUMEM
ip-10-42-20-111:24426:24426 [7] NCCL INFO Channel 01/0 : 7[7] -> 6[6] via P2P/CUMEM
ip-10-42-20-223:24784:24784 [3] NCCL INFO Channel 04/0 : 11[3] -> 10[2] via P2P/CUMEM
ip-10-42-20-223:24788:24788 [7] NCCL INFO Channel 02/0 : 15[7] -> 14[6] via P2P/CUMEM
ip-10-42-20-223:24786:24786 [5] NCCL INFO Channel 09/0 : 13[5] -> 12[4] via P2P/CUMEM
ip-10-42-20-223:24782:24782 [1] NCCL INFO Channel 07/0 : 9[1] -> 8[0] via P2P/CUMEM
ip-10-42-20-111:24420:24420 [1] NCCL INFO Channel 06/0 : 1[1] -> 0[0] via P2P/CUMEM
ip-10-42-20-111:24426:24426 [7] NCCL INFO Channel 02/0 : 7[7] -> 6[6] via P2P/CUMEM
ip-10-42-20-111:24422:24422 [3] NCCL INFO Channel 05/0 : 3[3] -> 2[2] via P2P/CUMEM
ip-10-42-20-111:24424:24424 [5] NCCL INFO Channel 05/0 : 5[5] -> 4[4] via P2P/CUMEM
ip-10-42-20-223:24788:24788 [7] NCCL INFO Channel 03/0 : 15[7] -> 14[6] via P2P/CUMEM
ip-10-42-20-223:24782:24782 [1] NCCL INFO Channel 08/0 : 9[1] -> 8[0] via P2P/CUMEM
ip-10-42-20-223:24786:24786 [5] NCCL INFO Channel 10/0 : 13[5] -> 12[4] via P2P/CUMEM
ip-10-42-20-223:24782:24782 [1] NCCL INFO Channel 09/0 : 9[1] -> 8[0] via P2P/CUMEM
ip-10-42-20-111:24426:24426 [7] NCCL INFO Channel 03/0 : 7[7] -> 6[6] via P2P/CUMEM
ip-10-42-20-111:24422:24422 [3] NCCL INFO Channel 06/0 : 3[3] -> 2[2] via P2P/CUMEM
ip-10-42-20-111:24420:24420 [1] NCCL INFO Channel 07/0 : 1[1] -> 0[0] via P2P/CUMEM
ip-10-42-20-223:24788:24788 [7] NCCL INFO Channel 04/0 : 15[7] -> 14[6] via P2P/CUMEM
ip-10-42-20-111:24424:24424 [5] NCCL INFO Channel 06/0 : 5[5] -> 4[4] via P2P/CUMEM
ip-10-42-20-223:24784:24784 [3] NCCL INFO Channel 05/0 : 11[3] -> 10[2] via P2P/CUMEM
ip-10-42-20-223:24786:24786 [5] NCCL INFO Channel 11/0 : 13[5] -> 12[4] via P2P/CUMEM
ip-10-42-20-111:24424:24424 [5] NCCL INFO Channel 08/0 : 5[5] -> 4[4] via P2P/CUMEM
ip-10-42-20-111:24422:24422 [3] NCCL INFO Channel 07/0 : 3[3] -> 2[2] via P2P/CUMEM
ip-10-42-20-111:24420:24420 [1] NCCL INFO Channel 08/0 : 1[1] -> 0[0] via P2P/CUMEM
ip-10-42-20-223:24784:24784 [3] NCCL INFO Channel 06/0 : 11[3] -> 10[2] via P2P/CUMEM
ip-10-42-20-223:24786:24786 [5] NCCL INFO Channel 12/0 : 13[5] -> 12[4] via P2P/CUMEM
ip-10-42-20-223:24782:24782 [1] NCCL INFO Channel 10/0 : 9[1] -> 8[0] via P2P/CUMEM
ip-10-42-20-223:24788:24788 [7] NCCL INFO Channel 06/0 : 15[7] -> 14[6] via P2P/CUMEM
ip-10-42-20-111:24426:24426 [7] NCCL INFO Channel 04/0 : 7[7] -> 6[6] via P2P/CUMEM
ip-10-42-20-111:24422:24422 [3] NCCL INFO Channel 08/0 : 3[3] -> 2[2] via P2P/CUMEM
ip-10-42-20-111:24420:24420 [1] NCCL INFO Channel 09/0 : 1[1] -> 0[0] via P2P/CUMEM
ip-10-42-20-223:24782:24782 [1] NCCL INFO Channel 12/0 : 9[1] -> 8[0] via P2P/CUMEM
ip-10-42-20-223:24788:24788 [7] NCCL INFO Channel 07/0 : 15[7] -> 14[6] via P2P/CUMEM
ip-10-42-20-111:24420:24420 [1] NCCL INFO Channel 10/0 : 1[1] -> 0[0] via P2P/CUMEM
ip-10-42-20-111:24424:24424 [5] NCCL INFO Channel 09/0 : 5[5] -> 4[4] via P2P/CUMEM
ip-10-42-20-111:24422:24422 [3] NCCL INFO Channel 10/0 : 3[3] -> 2[2] via P2P/CUMEM
ip-10-42-20-223:24788:24788 [7] NCCL INFO Channel 08/0 : 15[7] -> 14[6] via P2P/CUMEM
ip-10-42-20-223:24784:24784 [3] NCCL INFO Channel 07/0 : 11[3] -> 10[2] via P2P/CUMEM
ip-10-42-20-223:24786:24786 [5] NCCL INFO Channel 13/0 : 13[5] -> 12[4] via P2P/CUMEM
ip-10-42-20-223:24782:24782 [1] NCCL INFO Channel 13/0 : 9[1] -> 8[0] via P2P/CUMEM
ip-10-42-20-111:24422:24422 [3] NCCL INFO Channel 11/0 : 3[3] -> 2[2] via P2P/CUMEM
ip-10-42-20-111:24424:24424 [5] NCCL INFO Channel 10/0 : 5[5] -> 4[4] via P2P/CUMEM
ip-10-42-20-111:24426:24426 [7] NCCL INFO Channel 06/0 : 7[7] -> 6[6] via P2P/CUMEM
ip-10-42-20-223:24786:24786 [5] NCCL INFO Channel 14/0 : 13[5] -> 12[4] via P2P/CUMEM
ip-10-42-20-223:24788:24788 [7] NCCL INFO Channel 09/0 : 15[7] -> 14[6] via P2P/CUMEM
ip-10-42-20-223:24782:24782 [1] NCCL INFO Channel 14/0 : 9[1] -> 8[0] via P2P/CUMEM
ip-10-42-20-111:24426:24426 [7] NCCL INFO Channel 07/0 : 7[7] -> 6[6] via P2P/CUMEM
ip-10-42-20-111:24420:24420 [1] NCCL INFO Channel 12/0 : 1[1] -> 0[0] via P2P/CUMEM
ip-10-42-20-111:24422:24422 [3] NCCL INFO Channel 12/0 : 3[3] -> 2[2] via P2P/CUMEM
ip-10-42-20-111:24424:24424 [5] NCCL INFO Channel 11/0 : 5[5] -> 4[4] via P2P/CUMEM
ip-10-42-20-223:24784:24784 [3] NCCL INFO Channel 08/0 : 11[3] -> 10[2] via P2P/CUMEM
ip-10-42-20-223:24782:24782 [1] NCCL INFO Channel 15/0 : 9[1] -> 8[0] via P2P/CUMEM
ip-10-42-20-111:24426:24426 [7] NCCL INFO Channel 08/0 : 7[7] -> 6[6] via P2P/CUMEM
ip-10-42-20-111:24420:24420 [1] NCCL INFO Channel 13/0 : 1[1] -> 0[0] via P2P/CUMEM
ip-10-42-20-111:24424:24424 [5] NCCL INFO Channel 12/0 : 5[5] -> 4[4] via P2P/CUMEM
ip-10-42-20-223:24788:24788 [7] NCCL INFO Channel 10/0 : 15[7] -> 14[6] via P2P/CUMEM
ip-10-42-20-223:24784:24784 [3] NCCL INFO Channel 10/0 : 11[3] -> 10[2] via P2P/CUMEM
ip-10-42-20-111:24422:24422 [3] NCCL INFO Channel 13/0 : 3[3] -> 2[2] via P2P/CUMEM
ip-10-42-20-111:24420:24420 [1] NCCL INFO Channel 14/0 : 1[1] -> 0[0] via P2P/CUMEM
ip-10-42-20-111:24424:24424 [5] NCCL INFO Channel 13/0 : 5[5] -> 4[4] via P2P/CUMEM
ip-10-42-20-111:24426:24426 [7] NCCL INFO Channel 09/0 : 7[7] -> 6[6] via P2P/CUMEM
ip-10-42-20-223:24788:24788 [7] NCCL INFO Channel 11/0 : 15[7] -> 14[6] via P2P/CUMEM
ip-10-42-20-223:24784:24784 [3] NCCL INFO Channel 11/0 : 11[3] -> 10[2] via P2P/CUMEM
ip-10-42-20-223:24784:24784 [3] NCCL INFO Channel 12/0 : 11[3] -> 10[2] via P2P/CUMEM
ip-10-42-20-223:24788:24788 [7] NCCL INFO Channel 12/0 : 15[7] -> 14[6] via P2P/CUMEM
ip-10-42-20-111:24422:24422 [3] NCCL INFO Channel 14/0 : 3[3] -> 2[2] via P2P/CUMEM
ip-10-42-20-111:24426:24426 [7] NCCL INFO Channel 10/0 : 7[7] -> 6[6] via P2P/CUMEM
ip-10-42-20-223:24784:24784 [3] NCCL INFO Channel 13/0 : 11[3] -> 10[2] via P2P/CUMEM
ip-10-42-20-111:24424:24424 [5] NCCL INFO Channel 14/0 : 5[5] -> 4[4] via P2P/CUMEM
ip-10-42-20-223:24788:24788 [7] NCCL INFO Channel 14/0 : 15[7] -> 14[6] via P2P/CUMEM
ip-10-42-20-223:24784:24784 [3] NCCL INFO Channel 14/0 : 11[3] -> 10[2] via P2P/CUMEM
ip-10-42-20-111:24420:24420 [1] NCCL INFO Channel 15/0 : 1[1] -> 0[0] via P2P/CUMEM
ip-10-42-20-111:24426:24426 [7] NCCL INFO Channel 11/0 : 7[7] -> 6[6] via P2P/CUMEM
ip-10-42-20-223:24788:24788 [7] NCCL INFO Channel 15/0 : 15[7] -> 14[6] via P2P/CUMEM
ip-10-42-20-223:24784:24784 [3] NCCL INFO Channel 15/0 : 11[3] -> 10[2] via P2P/CUMEM
ip-10-42-20-111:24422:24422 [3] NCCL INFO Channel 15/0 : 3[3] -> 2[2] via P2P/CUMEM
ip-10-42-20-111:24426:24426 [7] NCCL INFO Channel 12/0 : 7[7] -> 6[6] via P2P/CUMEM
ip-10-42-20-111:24426:24426 [7] NCCL INFO Channel 14/0 : 7[7] -> 6[6] via P2P/CUMEM
ip-10-42-20-111:24426:24426 [7] NCCL INFO Channel 15/0 : 7[7] -> 6[6] via P2P/CUMEM
ip-10-42-20-223:24783:24783 [2] NCCL INFO Connected all trees
ip-10-42-20-111:24422:24422 [3] NCCL INFO Connected all trees
ip-10-42-20-223:24784:24784 [3] NCCL INFO Connected all trees
ip-10-42-20-111:24421:24421 [2] NCCL INFO Connected all trees
ip-10-42-20-223:24781:24781 [0] NCCL INFO Connected all trees
ip-10-42-20-111:24420:24420 [1] NCCL INFO Connected all trees
ip-10-42-20-223:24782:24782 [1] NCCL INFO Connected all trees
ip-10-42-20-111:24419:24419 [0] NCCL INFO Connected all trees
ip-10-42-20-223:24786:24786 [5] NCCL INFO Connected all trees
ip-10-42-20-111:24425:24425 [6] NCCL INFO Connected all trees
ip-10-42-20-223:24787:24787 [6] NCCL INFO Connected all trees
ip-10-42-20-111:24423:24423 [4] NCCL INFO Connected all trees
ip-10-42-20-223:24785:24785 [4] NCCL INFO Connected all trees
ip-10-42-20-111:24424:24424 [5] NCCL INFO Connected all trees
ip-10-42-20-223:24788:24788 [7] NCCL INFO Connected all trees
ip-10-42-20-111:24426:24426 [7] NCCL INFO Connected all trees
ip-10-42-20-223:24782:24782 [1] NCCL INFO Channel 04/0 : 9[1] -> 14[6] via P2P/CUMEM
ip-10-42-20-111:24421:24421 [2] NCCL INFO Channel 00/0 : 2[2] -> 5[5] via P2P/CUMEM
ip-10-42-20-223:24784:24784 [3] NCCL INFO Channel 00/0 : 3[3] -> 11[3] [receive] via NET/Libfabric/1/GDRDMA
ip-10-42-20-111:24423:24423 [4] NCCL INFO Channel 06/0 : 4[4] -> 7[7] via P2P/CUMEM
ip-10-42-20-223:24788:24788 [7] NCCL INFO Channel 04/0 : 7[7] -> 15[7] [receive] via NET/Libfabric/5/GDRDMA
ip-10-42-20-111:24419:24419 [0] NCCL INFO Channel 02/0 : 0[0] -> 3[3] via P2P/CUMEM
ip-10-42-20-223:24783:24783 [2] NCCL INFO Channel 01/0 : 2[2] -> 10[2] [receive] via NET/Libfabric/0/GDRDMA
ip-10-42-20-111:24425:24425 [6] NCCL INFO Channel 05/0 : 6[6] -> 14[6] [send] via NET/Libfabric/4/GDRDMA
ip-10-42-20-223:24785:24785 [4] NCCL INFO Channel 07/0 : 4[4] -> 12[4] [receive] via NET/Libfabric/6/GDRDMA
ip-10-42-20-111:24420:24420 [1] NCCL INFO Channel 02/0 : 1[1] -> 9[1] [send] via NET/Libfabric/3/GDRDMA
ip-10-42-20-223:24781:24781 [0] NCCL INFO Channel 03/0 : 0[0] -> 8[0] [receive] via NET/Libfabric/2/GDRDMA
ip-10-42-20-111:24425:24425 [6] NCCL INFO Channel 13/0 : 6[6] -> 14[6] [send] via NET/Libfabric/4/GDRDMA
ip-10-42-20-223:24786:24786 [5] NCCL INFO Channel 06/0 : 5[5] -> 13[5] [receive] via NET/Libfabric/7/GDRDMA
ip-10-42-20-111:24420:24420 [1] NCCL INFO Channel 10/0 : 1[1] -> 9[1] [send] via NET/Libfabric/3/GDRDMA
ip-10-42-20-223:24788:24788 [7] NCCL INFO Channel 12/0 : 7[7] -> 15[7] [receive] via NET/Libfabric/5/GDRDMA
ip-10-42-20-111:24423:24423 [4] NCCL INFO Channel 14/0 : 4[4] -> 7[7] via P2P/CUMEM
ip-10-42-20-223:24784:24784 [3] NCCL INFO Channel 08/0 : 3[3] -> 11[3] [receive] via NET/Libfabric/1/GDRDMA
ip-10-42-20-111:24421:24421 [2] NCCL INFO Channel 08/0 : 2[2] -> 5[5] via P2P/CUMEM
ip-10-42-20-223:24783:24783 [2] NCCL INFO Channel 09/0 : 2[2] -> 10[2] [receive] via NET/Libfabric/0/GDRDMA
ip-10-42-20-111:24419:24419 [0] NCCL INFO Channel 10/0 : 0[0] -> 3[3] via P2P/CUMEM
ip-10-42-20-223:24785:24785 [4] NCCL INFO Channel 15/0 : 4[4] -> 12[4] [receive] via NET/Libfabric/6/GDRDMA
ip-10-42-20-111:24425:24425 [6] NCCL INFO Channel 04/0 : 6[6] -> 1[1] via P2P/CUMEM
ip-10-42-20-223:24781:24781 [0] NCCL INFO Channel 11/0 : 0[0] -> 8[0] [receive] via NET/Libfabric/2/GDRDMA
ip-10-42-20-111:24425:24425 [6] NCCL INFO Channel 12/0 : 6[6] -> 1[1] via P2P/CUMEM
ip-10-42-20-223:24786:24786 [5] NCCL INFO Channel 14/0 : 5[5] -> 13[5] [receive] via NET/Libfabric/7/GDRDMA
ip-10-42-20-111:24424:24424 [5] NCCL INFO Channel 06/0 : 5[5] -> 13[5] [send] via NET/Libfabric/7/GDRDMA
ip-10-42-20-223:24782:24782 [1] NCCL INFO Channel 12/0 : 9[1] -> 14[6] via P2P/CUMEM
ip-10-42-20-111:24421:24421 [2] NCCL INFO Channel 01/0 : 2[2] -> 10[2] [send] via NET/Libfabric/0/GDRDMA
ip-10-42-20-223:24787:24787 [6] NCCL INFO Channel 05/0 : 6[6] -> 14[6] [receive] via NET/Libfabric/4/GDRDMA
ip-10-42-20-111:24422:24422 [3] NCCL INFO Channel 00/0 : 3[3] -> 11[3] [send] via NET/Libfabric/1/GDRDMA
ip-10-42-20-223:24782:24782 [1] NCCL INFO Channel 02/0 : 1[1] -> 9[1] [receive] via NET/Libfabric/3/GDRDMA
ip-10-42-20-111:24423:24423 [4] NCCL INFO Channel 07/0 : 4[4] -> 12[4] [send] via NET/Libfabric/6/GDRDMA
ip-10-42-20-223:24787:24787 [6] NCCL INFO Channel 13/0 : 6[6] -> 14[6] [receive] via NET/Libfabric/4/GDRDMA
ip-10-42-20-111:24419:24419 [0] NCCL INFO Channel 03/0 : 0[0] -> 8[0] [send] via NET/Libfabric/2/GDRDMA
ip-10-42-20-223:24782:24782 [1] NCCL INFO Channel 10/0 : 1[1] -> 9[1] [receive] via NET/Libfabric/3/GDRDMA
ip-10-42-20-111:24424:24424 [5] NCCL INFO Channel 14/0 : 5[5] -> 13[5] [send] via NET/Libfabric/7/GDRDMA
ip-10-42-20-223:24784:24784 [3] NCCL INFO Channel 02/0 : 11[3] -> 8[0] via P2P/CUMEM
ip-10-42-20-111:24421:24421 [2] NCCL INFO Channel 09/0 : 2[2] -> 10[2] [send] via NET/Libfabric/0/GDRDMA
ip-10-42-20-223:24786:24786 [5] NCCL INFO Channel 00/0 : 13[5] -> 10[2] via P2P/CUMEM
ip-10-42-20-111:24422:24422 [3] NCCL INFO Channel 08/0 : 3[3] -> 11[3] [send] via NET/Libfabric/1/GDRDMA
ip-10-42-20-223:24788:24788 [7] NCCL INFO Channel 06/0 : 15[7] -> 12[4] via P2P/CUMEM
ip-10-42-20-111:24426:24426 [7] NCCL INFO Channel 04/0 : 7[7] -> 15[7] [send] via NET/Libfabric/5/GDRDMA
ip-10-42-20-223:24784:24784 [3] NCCL INFO Channel 10/0 : 11[3] -> 8[0] via P2P/CUMEM
ip-10-42-20-111:24423:24423 [4] NCCL INFO Channel 15/0 : 4[4] -> 12[4] [send] via NET/Libfabric/6/GDRDMA
ip-10-42-20-223:24786:24786 [5] NCCL INFO Channel 08/0 : 13[5] -> 10[2] via P2P/CUMEM
ip-10-42-20-111:24419:24419 [0] NCCL INFO Channel 11/0 : 0[0] -> 8[0] [send] via NET/Libfabric/2/GDRDMA
ip-10-42-20-223:24788:24788 [7] NCCL INFO Channel 14/0 : 15[7] -> 12[4] via P2P/CUMEM
ip-10-42-20-111:24426:24426 [7] NCCL INFO Channel 12/0 : 7[7] -> 15[7] [send] via NET/Libfabric/5/GDRDMA
ip-10-42-20-223:24783:24783 [2] NCCL INFO Connected all rings, use ring PXN 0 GDR 1
ip-10-42-20-111:24426:24426 [7] NCCL INFO Connected all rings, use ring PXN 0 GDR 1
ip-10-42-20-223:24784:24784 [3] NCCL INFO Connected all rings, use ring PXN 0 GDR 1
ip-10-42-20-111:24419:24419 [0] NCCL INFO Connected all rings, use ring PXN 0 GDR 1
ip-10-42-20-223:24785:24785 [4] NCCL INFO Connected all rings, use ring PXN 0 GDR 1
ip-10-42-20-111:24420:24420 [1] NCCL INFO Connected all rings, use ring PXN 0 GDR 1
ip-10-42-20-223:24786:24786 [5] NCCL INFO Connected all rings, use ring PXN 0 GDR 1
ip-10-42-20-111:24421:24421 [2] NCCL INFO Connected all rings, use ring PXN 0 GDR 1
ip-10-42-20-223:24787:24787 [6] NCCL INFO Connected all rings, use ring PXN 0 GDR 1
ip-10-42-20-111:24422:24422 [3] NCCL INFO Connected all rings, use ring PXN 0 GDR 1
ip-10-42-20-223:24788:24788 [7] NCCL INFO Connected all rings, use ring PXN 0 GDR 1
ip-10-42-20-111:24423:24423 [4] NCCL INFO Connected all rings, use ring PXN 0 GDR 1
ip-10-42-20-223:24781:24781 [0] NCCL INFO Connected all rings, use ring PXN 0 GDR 1
ip-10-42-20-111:24424:24424 [5] NCCL INFO Connected all rings, use ring PXN 0 GDR 1
ip-10-42-20-223:24782:24782 [1] NCCL INFO Connected all rings, use ring PXN 0 GDR 1
ip-10-42-20-111:24425:24425 [6] NCCL INFO Connected all rings, use ring PXN 0 GDR 1
ip-10-42-20-223:24785:24785 [4] NCCL INFO NVLS comm 0x61dba2493d70 headRank 6 nHeads 8 nvlsRanks 8 buffSize 4194304 nvlsPerRankSize 134217728 nvlsTotalSize 1073741824
ip-10-42-20-111:24419:24419 [0] NCCL INFO NVLS comm 0x58ab24c11790 headRank 2 nHeads 8 nvlsRanks 8 buffSize 4194304 nvlsPerRankSize 134217728 nvlsTotalSize 1073741824
ip-10-42-20-223:24788:24788 [7] NCCL INFO NVLS comm 0x5ee4982d4ec0 headRank 5 nHeads 8 nvlsRanks 8 buffSize 4194304 nvlsPerRankSize 134217728 nvlsTotalSize 1073741824
ip-10-42-20-223:24783:24783 [2] NCCL INFO NVLS comm 0x5ff7201cf420 headRank 0 nHeads 8 nvlsRanks 8 buffSize 4194304 nvlsPerRankSize 134217728 nvlsTotalSize 1073741824
ip-10-42-20-111:24421:24421 [2] NCCL INFO NVLS comm 0x573e9f9c5840 headRank 0 nHeads 8 nvlsRanks 8 buffSize 4194304 nvlsPerRankSize 134217728 nvlsTotalSize 1073741824
ip-10-42-20-111:24422:24422 [3] NCCL INFO NVLS comm 0x56dfcf0c9080 headRank 1 nHeads 8 nvlsRanks 8 buffSize 4194304 nvlsPerRankSize 134217728 nvlsTotalSize 1073741824
ip-10-42-20-223:24784:24784 [3] NCCL INFO NVLS comm 0x58735d1e3930 headRank 1 nHeads 8 nvlsRanks 8 buffSize 4194304 nvlsPerRankSize 134217728 nvlsTotalSize 1073741824
ip-10-42-20-111:24423:24423 [4] NCCL INFO NVLS comm 0x5bac08119cd0 headRank 6 nHeads 8 nvlsRanks 8 buffSize 4194304 nvlsPerRankSize 134217728 nvlsTotalSize 1073741824
ip-10-42-20-223:24786:24786 [5] NCCL INFO NVLS comm 0x5f8a1f73e2c0 headRank 7 nHeads 8 nvlsRanks 8 buffSize 4194304 nvlsPerRankSize 134217728 nvlsTotalSize 1073741824
ip-10-42-20-111:24424:24424 [5] NCCL INFO NVLS comm 0x60a3825ea9e0 headRank 7 nHeads 8 nvlsRanks 8 buffSize 4194304 nvlsPerRankSize 134217728 nvlsTotalSize 1073741824
ip-10-42-20-223:24781:24781 [0] NCCL INFO NVLS comm 0x5cae3f366420 headRank 2 nHeads 8 nvlsRanks 8 buffSize 4194304 nvlsPerRankSize 134217728 nvlsTotalSize 1073741824
ip-10-42-20-111:24420:24420 [1] NCCL INFO NVLS comm 0x595bf798c2a0 headRank 3 nHeads 8 nvlsRanks 8 buffSize 4194304 nvlsPerRankSize 134217728 nvlsTotalSize 1073741824
ip-10-42-20-223:24782:24782 [1] NCCL INFO NVLS comm 0x5b76f1f16db0 headRank 3 nHeads 8 nvlsRanks 8 buffSize 4194304 nvlsPerRankSize 134217728 nvlsTotalSize 1073741824
ip-10-42-20-111:24425:24425 [6] NCCL INFO NVLS comm 0x56240648a390 headRank 4 nHeads 8 nvlsRanks 8 buffSize 4194304 nvlsPerRankSize 134217728 nvlsTotalSize 1073741824
ip-10-42-20-223:24787:24787 [6] NCCL INFO NVLS comm 0x5609fed7d3f0 headRank 4 nHeads 8 nvlsRanks 8 buffSize 4194304 nvlsPerRankSize 134217728 nvlsTotalSize 1073741824
ip-10-42-20-111:24426:24426 [7] NCCL INFO NVLS comm 0x5ef147ebaaf0 headRank 5 nHeads 8 nvlsRanks 8 buffSize 4194304 nvlsPerRankSize 134217728 nvlsTotalSize 1073741824
ip-10-42-20-223:24787:24787 [6] NCCL INFO Channel 00/0 : 6[6] -> 14[6] [receive] via NET/Libfabric/4/GDRDMA
ip-10-42-20-223:24788:24788 [7] NCCL INFO Channel 00/0 : 7[7] -> 15[7] [receive] via NET/Libfabric/5/GDRDMA
ip-10-42-20-223:24784:24784 [3] NCCL INFO Channel 02/0 : 3[3] -> 11[3] [receive] via NET/Libfabric/1/GDRDMA
ip-10-42-20-223:24783:24783 [2] NCCL INFO Channel 02/0 : 2[2] -> 10[2] [receive] via NET/Libfabric/0/GDRDMA
ip-10-42-20-223:24781:24781 [0] NCCL INFO Channel 00/0 : 0[0] -> 8[0] [receive] via NET/Libfabric/2/GDRDMA
ip-10-42-20-223:24785:24785 [4] NCCL INFO Channel 00/0 : 4[4] -> 12[4] [receive] via NET/Libfabric/6/GDRDMA
ip-10-42-20-223:24782:24782 [1] NCCL INFO Channel 00/0 : 1[1] -> 9[1] [receive] via NET/Libfabric/3/GDRDMA
ip-10-42-20-223:24786:24786 [5] NCCL INFO Channel 00/0 : 5[5] -> 13[5] [receive] via NET/Libfabric/7/GDRDMA
ip-10-42-20-223:24787:24787 [6] NCCL INFO Channel 01/0 : 6[6] -> 14[6] [receive] via NET/Libfabric/4/GDRDMA
ip-10-42-20-223:24788:24788 [7] NCCL INFO Channel 01/0 : 7[7] -> 15[7] [receive] via NET/Libfabric/5/GDRDMA
ip-10-42-20-223:24784:24784 [3] NCCL INFO Channel 03/0 : 3[3] -> 11[3] [receive] via NET/Libfabric/1/GDRDMA
ip-10-42-20-223:24781:24781 [0] NCCL INFO Channel 01/0 : 0[0] -> 8[0] [receive] via NET/Libfabric/2/GDRDMA
ip-10-42-20-223:24783:24783 [2] NCCL INFO Channel 03/0 : 2[2] -> 10[2] [receive] via NET/Libfabric/0/GDRDMA
ip-10-42-20-223:24782:24782 [1] NCCL INFO Channel 01/0 : 1[1] -> 9[1] [receive] via NET/Libfabric/3/GDRDMA
ip-10-42-20-223:24785:24785 [4] NCCL INFO Channel 01/0 : 4[4] -> 12[4] [receive] via NET/Libfabric/6/GDRDMA
ip-10-42-20-223:24786:24786 [5] NCCL INFO Channel 01/0 : 5[5] -> 13[5] [receive] via NET/Libfabric/7/GDRDMA
ip-10-42-20-223:24788:24788 [7] NCCL INFO Channel 02/0 : 7[7] -> 15[7] [receive] via NET/Libfabric/5/GDRDMA
ip-10-42-20-223:24784:24784 [3] NCCL INFO Channel 04/0 : 3[3] -> 11[3] [receive] via NET/Libfabric/1/GDRDMA
ip-10-42-20-223:24787:24787 [6] NCCL INFO Channel 02/0 : 6[6] -> 14[6] [receive] via NET/Libfabric/4/GDRDMA
ip-10-42-20-223:24781:24781 [0] NCCL INFO Channel 04/0 : 0[0] -> 8[0] [receive] via NET/Libfabric/2/GDRDMA
ip-10-42-20-223:24783:24783 [2] NCCL INFO Channel 04/0 : 2[2] -> 10[2] [receive] via NET/Libfabric/0/GDRDMA
ip-10-42-20-223:24782:24782 [1] NCCL INFO Channel 04/0 : 1[1] -> 9[1] [receive] via NET/Libfabric/3/GDRDMA
ip-10-42-20-223:24785:24785 [4] NCCL INFO Channel 02/0 : 4[4] -> 12[4] [receive] via NET/Libfabric/6/GDRDMA
ip-10-42-20-223:24786:24786 [5] NCCL INFO Channel 02/0 : 5[5] -> 13[5] [receive] via NET/Libfabric/7/GDRDMA
ip-10-42-20-223:24788:24788 [7] NCCL INFO Channel 03/0 : 7[7] -> 15[7] [receive] via NET/Libfabric/5/GDRDMA
ip-10-42-20-223:24784:24784 [3] NCCL INFO Channel 05/0 : 3[3] -> 11[3] [receive] via NET/Libfabric/1/GDRDMA
ip-10-42-20-223:24787:24787 [6] NCCL INFO Channel 03/0 : 6[6] -> 14[6] [receive] via NET/Libfabric/4/GDRDMA
ip-10-42-20-223:24781:24781 [0] NCCL INFO Channel 05/0 : 0[0] -> 8[0] [receive] via NET/Libfabric/2/GDRDMA
ip-10-42-20-223:24783:24783 [2] NCCL INFO Channel 05/0 : 2[2] -> 10[2] [receive] via NET/Libfabric/0/GDRDMA
ip-10-42-20-223:24788:24788 [7] NCCL INFO Channel 06/0 : 7[7] -> 15[7] [receive] via NET/Libfabric/5/GDRDMA
ip-10-42-20-223:24784:24784 [3] NCCL INFO Channel 06/0 : 3[3] -> 11[3] [receive] via NET/Libfabric/1/GDRDMA
ip-10-42-20-223:24785:24785 [4] NCCL INFO Channel 03/0 : 4[4] -> 12[4] [receive] via NET/Libfabric/6/GDRDMA
ip-10-42-20-223:24782:24782 [1] NCCL INFO Channel 05/0 : 1[1] -> 9[1] [receive] via NET/Libfabric/3/GDRDMA
ip-10-42-20-223:24786:24786 [5] NCCL INFO Channel 03/0 : 5[5] -> 13[5] [receive] via NET/Libfabric/7/GDRDMA
ip-10-42-20-223:24787:24787 [6] NCCL INFO Channel 06/0 : 6[6] -> 14[6] [receive] via NET/Libfabric/4/GDRDMA
ip-10-42-20-223:24781:24781 [0] NCCL INFO Channel 06/0 : 0[0] -> 8[0] [receive] via NET/Libfabric/2/GDRDMA
ip-10-42-20-223:24788:24788 [7] NCCL INFO Channel 07/0 : 7[7] -> 15[7] [receive] via NET/Libfabric/5/GDRDMA
ip-10-42-20-223:24783:24783 [2] NCCL INFO Channel 06/0 : 2[2] -> 10[2] [receive] via NET/Libfabric/0/GDRDMA
ip-10-42-20-223:24784:24784 [3] NCCL INFO Channel 07/0 : 3[3] -> 11[3] [receive] via NET/Libfabric/1/GDRDMA
ip-10-42-20-223:24785:24785 [4] NCCL INFO Channel 04/0 : 4[4] -> 12[4] [receive] via NET/Libfabric/6/GDRDMA
ip-10-42-20-223:24787:24787 [6] NCCL INFO Channel 07/0 : 6[6] -> 14[6] [receive] via NET/Libfabric/4/GDRDMA
ip-10-42-20-223:24782:24782 [1] NCCL INFO Channel 06/0 : 1[1] -> 9[1] [receive] via NET/Libfabric/3/GDRDMA
ip-10-42-20-223:24786:24786 [5] NCCL INFO Channel 04/0 : 5[5] -> 13[5] [receive] via NET/Libfabric/7/GDRDMA
ip-10-42-20-223:24788:24788 [7] NCCL INFO Channel 08/0 : 7[7] -> 15[7] [receive] via NET/Libfabric/5/GDRDMA
ip-10-42-20-223:24784:24784 [3] NCCL INFO Channel 10/0 : 3[3] -> 11[3] [receive] via NET/Libfabric/1/GDRDMA
ip-10-42-20-223:24781:24781 [0] NCCL INFO Channel 07/0 : 0[0] -> 8[0] [receive] via NET/Libfabric/2/GDRDMA
ip-10-42-20-223:24783:24783 [2] NCCL INFO Channel 07/0 : 2[2] -> 10[2] [receive] via NET/Libfabric/0/GDRDMA
ip-10-42-20-223:24787:24787 [6] NCCL INFO Channel 08/0 : 6[6] -> 14[6] [receive] via NET/Libfabric/4/GDRDMA
ip-10-42-20-223:24785:24785 [4] NCCL INFO Channel 05/0 : 4[4] -> 12[4] [receive] via NET/Libfabric/6/GDRDMA
ip-10-42-20-223:24788:24788 [7] NCCL INFO Channel 09/0 : 7[7] -> 15[7] [receive] via NET/Libfabric/5/GDRDMA
ip-10-42-20-223:24782:24782 [1] NCCL INFO Channel 07/0 : 1[1] -> 9[1] [receive] via NET/Libfabric/3/GDRDMA
ip-10-42-20-223:24786:24786 [5] NCCL INFO Channel 05/0 : 5[5] -> 13[5] [receive] via NET/Libfabric/7/GDRDMA
ip-10-42-20-223:24784:24784 [3] NCCL INFO Channel 11/0 : 3[3] -> 11[3] [receive] via NET/Libfabric/1/GDRDMA
ip-10-42-20-223:24781:24781 [0] NCCL INFO Channel 08/0 : 0[0] -> 8[0] [receive] via NET/Libfabric/2/GDRDMA
ip-10-42-20-223:24783:24783 [2] NCCL INFO Channel 10/0 : 2[2] -> 10[2] [receive] via NET/Libfabric/0/GDRDMA
ip-10-42-20-223:24787:24787 [6] NCCL INFO Channel 09/0 : 6[6] -> 14[6] [receive] via NET/Libfabric/4/GDRDMA
ip-10-42-20-223:24788:24788 [7] NCCL INFO Channel 10/0 : 7[7] -> 15[7] [receive] via NET/Libfabric/5/GDRDMA
ip-10-42-20-223:24784:24784 [3] NCCL INFO Channel 12/0 : 3[3] -> 11[3] [receive] via NET/Libfabric/1/GDRDMA
ip-10-42-20-223:24785:24785 [4] NCCL INFO Channel 08/0 : 4[4] -> 12[4] [receive] via NET/Libfabric/6/GDRDMA
ip-10-42-20-223:24786:24786 [5] NCCL INFO Channel 08/0 : 5[5] -> 13[5] [receive] via NET/Libfabric/7/GDRDMA
ip-10-42-20-223:24782:24782 [1] NCCL INFO Channel 08/0 : 1[1] -> 9[1] [receive] via NET/Libfabric/3/GDRDMA
ip-10-42-20-223:24781:24781 [0] NCCL INFO Channel 09/0 : 0[0] -> 8[0] [receive] via NET/Libfabric/2/GDRDMA
ip-10-42-20-223:24783:24783 [2] NCCL INFO Channel 11/0 : 2[2] -> 10[2] [receive] via NET/Libfabric/0/GDRDMA
ip-10-42-20-223:24787:24787 [6] NCCL INFO Channel 10/0 : 6[6] -> 14[6] [receive] via NET/Libfabric/4/GDRDMA
ip-10-42-20-223:24788:24788 [7] NCCL INFO Channel 11/0 : 7[7] -> 15[7] [receive] via NET/Libfabric/5/GDRDMA
ip-10-42-20-223:24784:24784 [3] NCCL INFO Channel 13/0 : 3[3] -> 11[3] [receive] via NET/Libfabric/1/GDRDMA
ip-10-42-20-223:24785:24785 [4] NCCL INFO Channel 09/0 : 4[4] -> 12[4] [receive] via NET/Libfabric/6/GDRDMA
ip-10-42-20-223:24782:24782 [1] NCCL INFO Channel 09/0 : 1[1] -> 9[1] [receive] via NET/Libfabric/3/GDRDMA
ip-10-42-20-223:24786:24786 [5] NCCL INFO Channel 09/0 : 5[5] -> 13[5] [receive] via NET/Libfabric/7/GDRDMA
ip-10-42-20-223:24781:24781 [0] NCCL INFO Channel 12/0 : 0[0] -> 8[0] [receive] via NET/Libfabric/2/GDRDMA
ip-10-42-20-223:24783:24783 [2] NCCL INFO Channel 12/0 : 2[2] -> 10[2] [receive] via NET/Libfabric/0/GDRDMA
ip-10-42-20-223:24788:24788 [7] NCCL INFO Channel 14/0 : 7[7] -> 15[7] [receive] via NET/Libfabric/5/GDRDMA
ip-10-42-20-223:24787:24787 [6] NCCL INFO Channel 11/0 : 6[6] -> 14[6] [receive] via NET/Libfabric/4/GDRDMA
ip-10-42-20-223:24784:24784 [3] NCCL INFO Channel 14/0 : 3[3] -> 11[3] [receive] via NET/Libfabric/1/GDRDMA
ip-10-42-20-223:24785:24785 [4] NCCL INFO Channel 10/0 : 4[4] -> 12[4] [receive] via NET/Libfabric/6/GDRDMA
ip-10-42-20-223:24788:24788 [7] NCCL INFO Channel 15/0 : 7[7] -> 15[7] [receive] via NET/Libfabric/5/GDRDMA
ip-10-42-20-223:24781:24781 [0] NCCL INFO Channel 13/0 : 0[0] -> 8[0] [receive] via NET/Libfabric/2/GDRDMA
ip-10-42-20-223:24782:24782 [1] NCCL INFO Channel 12/0 : 1[1] -> 9[1] [receive] via NET/Libfabric/3/GDRDMA
ip-10-42-20-223:24784:24784 [3] NCCL INFO Channel 15/0 : 3[3] -> 11[3] [receive] via NET/Libfabric/1/GDRDMA
ip-10-42-20-223:24786:24786 [5] NCCL INFO Channel 10/0 : 5[5] -> 13[5] [receive] via NET/Libfabric/7/GDRDMA
ip-10-42-20-223:24783:24783 [2] NCCL INFO Channel 13/0 : 2[2] -> 10[2] [receive] via NET/Libfabric/0/GDRDMA
ip-10-42-20-223:24787:24787 [6] NCCL INFO Channel 14/0 : 6[6] -> 14[6] [receive] via NET/Libfabric/4/GDRDMA
ip-10-42-20-223:24788:24788 [7] NCCL INFO Channel 00/0 : 15[7] -> 7[7] [send] via NET/Libfabric/5/GDRDMA
ip-10-42-20-223:24784:24784 [3] NCCL INFO Channel 00/0 : 11[3] -> 3[3] [send] via NET/Libfabric/1/GDRDMA
ip-10-42-20-223:24785:24785 [4] NCCL INFO Channel 11/0 : 4[4] -> 12[4] [receive] via NET/Libfabric/6/GDRDMA
ip-10-42-20-223:24781:24781 [0] NCCL INFO Channel 14/0 : 0[0] -> 8[0] [receive] via NET/Libfabric/2/GDRDMA
ip-10-42-20-223:24788:24788 [7] NCCL INFO Channel 01/0 : 15[7] -> 7[7] [send] via NET/Libfabric/5/GDRDMA
ip-10-42-20-223:24782:24782 [1] NCCL INFO Channel 13/0 : 1[1] -> 9[1] [receive] via NET/Libfabric/3/GDRDMA
ip-10-42-20-223:24783:24783 [2] NCCL INFO Channel 14/0 : 2[2] -> 10[2] [receive] via NET/Libfabric/0/GDRDMA
ip-10-42-20-223:24784:24784 [3] NCCL INFO Channel 02/0 : 11[3] -> 3[3] [send] via NET/Libfabric/1/GDRDMA
ip-10-42-20-223:24786:24786 [5] NCCL INFO Channel 11/0 : 5[5] -> 13[5] [receive] via NET/Libfabric/7/GDRDMA
ip-10-42-20-223:24787:24787 [6] NCCL INFO Channel 15/0 : 6[6] -> 14[6] [receive] via NET/Libfabric/4/GDRDMA
ip-10-42-20-223:24788:24788 [7] NCCL INFO Channel 02/0 : 15[7] -> 7[7] [send] via NET/Libfabric/5/GDRDMA
ip-10-42-20-223:24784:24784 [3] NCCL INFO Channel 03/0 : 11[3] -> 3[3] [send] via NET/Libfabric/1/GDRDMA
ip-10-42-20-111:24423:24423 [4] NCCL INFO Channel 00/0 : 12[4] -> 4[4] [receive] via NET/Libfabric/6/GDRDMA
ip-10-42-20-223:24787:24787 [6] NCCL INFO Channel 00/0 : 14[6] -> 6[6] [send] via NET/Libfabric/4/GDRDMA
ip-10-42-20-111:24425:24425 [6] NCCL INFO Channel 00/0 : 14[6] -> 6[6] [receive] via NET/Libfabric/4/GDRDMA
ip-10-42-20-223:24781:24781 [0] NCCL INFO Channel 15/0 : 0[0] -> 8[0] [receive] via NET/Libfabric/2/GDRDMA
ip-10-42-20-111:24422:24422 [3] NCCL INFO Channel 00/0 : 11[3] -> 3[3] [receive] via NET/Libfabric/1/GDRDMA
ip-10-42-20-223:24785:24785 [4] NCCL INFO Channel 12/0 : 4[4] -> 12[4] [receive] via NET/Libfabric/6/GDRDMA
ip-10-42-20-111:24419:24419 [0] NCCL INFO Channel 00/0 : 8[0] -> 0[0] [receive] via NET/Libfabric/2/GDRDMA
ip-10-42-20-223:24788:24788 [7] NCCL INFO Channel 03/0 : 15[7] -> 7[7] [send] via NET/Libfabric/5/GDRDMA
ip-10-42-20-111:24421:24421 [2] NCCL INFO Channel 01/0 : 10[2] -> 2[2] [receive] via NET/Libfabric/0/GDRDMA
ip-10-42-20-223:24783:24783 [2] NCCL INFO Channel 15/0 : 2[2] -> 10[2] [receive] via NET/Libfabric/0/GDRDMA
ip-10-42-20-111:24424:24424 [5] NCCL INFO Channel 00/0 : 13[5] -> 5[5] [receive] via NET/Libfabric/7/GDRDMA
ip-10-42-20-223:24784:24784 [3] NCCL INFO Channel 04/0 : 11[3] -> 3[3] [send] via NET/Libfabric/1/GDRDMA
ip-10-42-20-111:24426:24426 [7] NCCL INFO Channel 00/0 : 15[7] -> 7[7] [receive] via NET/Libfabric/5/GDRDMA
ip-10-42-20-223:24786:24786 [5] NCCL INFO Channel 12/0 : 5[5] -> 13[5] [receive] via NET/Libfabric/7/GDRDMA
ip-10-42-20-111:24420:24420 [1] NCCL INFO Channel 00/0 : 9[1] -> 1[1] [receive] via NET/Libfabric/3/GDRDMA
ip-10-42-20-223:24782:24782 [1] NCCL INFO Channel 14/0 : 1[1] -> 9[1] [receive] via NET/Libfabric/3/GDRDMA
ip-10-42-20-111:24423:24423 [4] NCCL INFO Channel 01/0 : 12[4] -> 4[4] [receive] via NET/Libfabric/6/GDRDMA
ip-10-42-20-223:24787:24787 [6] NCCL INFO Channel 01/0 : 14[6] -> 6[6] [send] via NET/Libfabric/4/GDRDMA
ip-10-42-20-111:24425:24425 [6] NCCL INFO Channel 01/0 : 14[6] -> 6[6] [receive] via NET/Libfabric/4/GDRDMA
ip-10-42-20-223:24781:24781 [0] NCCL INFO Channel 00/0 : 8[0] -> 0[0] [send] via NET/Libfabric/2/GDRDMA
ip-10-42-20-111:24422:24422 [3] NCCL INFO Channel 02/0 : 11[3] -> 3[3] [receive] via NET/Libfabric/1/GDRDMA
ip-10-42-20-223:24788:24788 [7] NCCL INFO Channel 04/0 : 15[7] -> 7[7] [send] via NET/Libfabric/5/GDRDMA
ip-10-42-20-223:24784:24784 [3] NCCL INFO Channel 05/0 : 11[3] -> 3[3] [send] via NET/Libfabric/1/GDRDMA
ip-10-42-20-111:24421:24421 [2] NCCL INFO Channel 02/0 : 10[2] -> 2[2] [receive] via NET/Libfabric/0/GDRDMA
ip-10-42-20-223:24783:24783 [2] NCCL INFO Channel 01/0 : 10[2] -> 2[2] [send] via NET/Libfabric/0/GDRDMA
ip-10-42-20-111:24424:24424 [5] NCCL INFO Channel 01/0 : 13[5] -> 5[5] [receive] via NET/Libfabric/7/GDRDMA
ip-10-42-20-223:24785:24785 [4] NCCL INFO Channel 13/0 : 4[4] -> 12[4] [receive] via NET/Libfabric/6/GDRDMA
ip-10-42-20-111:24426:24426 [7] NCCL INFO Channel 01/0 : 15[7] -> 7[7] [receive] via NET/Libfabric/5/GDRDMA
ip-10-42-20-223:24787:24787 [6] NCCL INFO Channel 02/0 : 14[6] -> 6[6] [send] via NET/Libfabric/4/GDRDMA
ip-10-42-20-111:24419:24419 [0] NCCL INFO Channel 01/0 : 8[0] -> 0[0] [receive] via NET/Libfabric/2/GDRDMA
ip-10-42-20-223:24786:24786 [5] NCCL INFO Channel 13/0 : 5[5] -> 13[5] [receive] via NET/Libfabric/7/GDRDMA
ip-10-42-20-111:24425:24425 [6] NCCL INFO Channel 02/0 : 14[6] -> 6[6] [receive] via NET/Libfabric/4/GDRDMA
ip-10-42-20-223:24788:24788 [7] NCCL INFO Channel 06/0 : 15[7] -> 7[7] [send] via NET/Libfabric/5/GDRDMA
ip-10-42-20-111:24423:24423 [4] NCCL INFO Channel 02/0 : 12[4] -> 4[4] [receive] via NET/Libfabric/6/GDRDMA
ip-10-42-20-223:24781:24781 [0] NCCL INFO Channel 01/0 : 8[0] -> 0[0] [send] via NET/Libfabric/2/GDRDMA
ip-10-42-20-111:24422:24422 [3] NCCL INFO Channel 03/0 : 11[3] -> 3[3] [receive] via NET/Libfabric/1/GDRDMA
ip-10-42-20-223:24782:24782 [1] NCCL INFO Channel 15/0 : 1[1] -> 9[1] [receive] via NET/Libfabric/3/GDRDMA
ip-10-42-20-111:24420:24420 [1] NCCL INFO Channel 01/0 : 9[1] -> 1[1] [receive] via NET/Libfabric/3/GDRDMA
ip-10-42-20-223:24784:24784 [3] NCCL INFO Channel 06/0 : 11[3] -> 3[3] [send] via NET/Libfabric/1/GDRDMA
ip-10-42-20-223:24783:24783 [2] NCCL INFO Channel 02/0 : 10[2] -> 2[2] [send] via NET/Libfabric/0/GDRDMA
ip-10-42-20-111:24426:24426 [7] NCCL INFO Channel 02/0 : 15[7] -> 7[7] [receive] via NET/Libfabric/5/GDRDMA
ip-10-42-20-223:24785:24785 [4] NCCL INFO Channel 00/0 : 12[4] -> 4[4] [send] via NET/Libfabric/6/GDRDMA
ip-10-42-20-111:24421:24421 [2] NCCL INFO Channel 03/0 : 10[2] -> 2[2] [receive] via NET/Libfabric/0/GDRDMA
ip-10-42-20-223:24787:24787 [6] NCCL INFO Channel 03/0 : 14[6] -> 6[6] [send] via NET/Libfabric/4/GDRDMA
ip-10-42-20-111:24424:24424 [5] NCCL INFO Channel 02/0 : 13[5] -> 5[5] [receive] via NET/Libfabric/7/GDRDMA
ip-10-42-20-223:24784:24784 [3] NCCL INFO Channel 07/0 : 11[3] -> 3[3] [send] via NET/Libfabric/1/GDRDMA
ip-10-42-20-111:24419:24419 [0] NCCL INFO Channel 03/0 : 8[0] -> 0[0] [receive] via NET/Libfabric/2/GDRDMA
ip-10-42-20-223:24788:24788 [7] NCCL INFO Channel 07/0 : 15[7] -> 7[7] [send] via NET/Libfabric/5/GDRDMA
ip-10-42-20-111:24425:24425 [6] NCCL INFO Channel 03/0 : 14[6] -> 6[6] [receive] via NET/Libfabric/4/GDRDMA
ip-10-42-20-223:24781:24781 [0] NCCL INFO Channel 03/0 : 8[0] -> 0[0] [send] via NET/Libfabric/2/GDRDMA
ip-10-42-20-111:24423:24423 [4] NCCL INFO Channel 03/0 : 12[4] -> 4[4] [receive] via NET/Libfabric/6/GDRDMA
ip-10-42-20-223:24786:24786 [5] NCCL INFO Channel 00/0 : 13[5] -> 5[5] [send] via NET/Libfabric/7/GDRDMA
ip-10-42-20-111:24422:24422 [3] NCCL INFO Channel 04/0 : 11[3] -> 3[3] [receive] via NET/Libfabric/1/GDRDMA
ip-10-42-20-223:24782:24782 [1] NCCL INFO Channel 00/0 : 9[1] -> 1[1] [send] via NET/Libfabric/3/GDRDMA
ip-10-42-20-223:24785:24785 [4] NCCL INFO Channel 01/0 : 12[4] -> 4[4] [send] via NET/Libfabric/6/GDRDMA
ip-10-42-20-111:24420:24420 [1] NCCL INFO Channel 02/0 : 9[1] -> 1[1] [receive] via NET/Libfabric/3/GDRDMA
ip-10-42-20-223:24787:24787 [6] NCCL INFO Channel 05/0 : 14[6] -> 6[6] [send] via NET/Libfabric/4/GDRDMA
ip-10-42-20-223:24788:24788 [7] NCCL INFO Channel 08/0 : 15[7] -> 7[7] [send] via NET/Libfabric/5/GDRDMA
ip-10-42-20-111:24426:24426 [7] NCCL INFO Channel 03/0 : 15[7] -> 7[7] [receive] via NET/Libfabric/5/GDRDMA
ip-10-42-20-223:24783:24783 [2] NCCL INFO Channel 03/0 : 10[2] -> 2[2] [send] via NET/Libfabric/0/GDRDMA
ip-10-42-20-111:24421:24421 [2] NCCL INFO Channel 04/0 : 10[2] -> 2[2] [receive] via NET/Libfabric/0/GDRDMA
ip-10-42-20-223:24784:24784 [3] NCCL INFO Channel 08/0 : 11[3] -> 3[3] [send] via NET/Libfabric/1/GDRDMA
ip-10-42-20-111:24424:24424 [5] NCCL INFO Channel 03/0 : 13[5] -> 5[5] [receive] via NET/Libfabric/7/GDRDMA
ip-10-42-20-223:24781:24781 [0] NCCL INFO Channel 04/0 : 8[0] -> 0[0] [send] via NET/Libfabric/2/GDRDMA
ip-10-42-20-111:24423:24423 [4] NCCL INFO Channel 04/0 : 12[4] -> 4[4] [receive] via NET/Libfabric/6/GDRDMA
ip-10-42-20-223:24786:24786 [5] NCCL INFO Channel 01/0 : 13[5] -> 5[5] [send] via NET/Libfabric/7/GDRDMA
ip-10-42-20-111:24425:24425 [6] NCCL INFO Channel 05/0 : 14[6] -> 6[6] [receive] via NET/Libfabric/4/GDRDMA
ip-10-42-20-223:24782:24782 [1] NCCL INFO Channel 01/0 : 9[1] -> 1[1] [send] via NET/Libfabric/3/GDRDMA
ip-10-42-20-111:24422:24422 [3] NCCL INFO Channel 05/0 : 11[3] -> 3[3] [receive] via NET/Libfabric/1/GDRDMA
ip-10-42-20-223:24788:24788 [7] NCCL INFO Channel 09/0 : 15[7] -> 7[7] [send] via NET/Libfabric/5/GDRDMA
ip-10-42-20-111:24419:24419 [0] NCCL INFO Channel 04/0 : 8[0] -> 0[0] [receive] via NET/Libfabric/2/GDRDMA
ip-10-42-20-223:24784:24784 [3] NCCL INFO Channel 10/0 : 11[3] -> 3[3] [send] via NET/Libfabric/1/GDRDMA
ip-10-42-20-223:24787:24787 [6] NCCL INFO Channel 06/0 : 14[6] -> 6[6] [send] via NET/Libfabric/4/GDRDMA
ip-10-42-20-223:24783:24783 [2] NCCL INFO Channel 04/0 : 10[2] -> 2[2] [send] via NET/Libfabric/0/GDRDMA
ip-10-42-20-223:24785:24785 [4] NCCL INFO Channel 02/0 : 12[4] -> 4[4] [send] via NET/Libfabric/6/GDRDMA
ip-10-42-20-223:24781:24781 [0] NCCL INFO Channel 05/0 : 8[0] -> 0[0] [send] via NET/Libfabric/2/GDRDMA
ip-10-42-20-111:24420:24420 [1] NCCL INFO Channel 04/0 : 9[1] -> 1[1] [receive] via NET/Libfabric/3/GDRDMA
ip-10-42-20-223:24788:24788 [7] NCCL INFO Channel 10/0 : 15[7] -> 7[7] [send] via NET/Libfabric/5/GDRDMA
ip-10-42-20-111:24426:24426 [7] NCCL INFO Channel 04/0 : 15[7] -> 7[7] [receive] via NET/Libfabric/5/GDRDMA
ip-10-42-20-223:24786:24786 [5] NCCL INFO Channel 02/0 : 13[5] -> 5[5] [send] via NET/Libfabric/7/GDRDMA
ip-10-42-20-223:24782:24782 [1] NCCL INFO Channel 02/0 : 9[1] -> 1[1] [send] via NET/Libfabric/3/GDRDMA
ip-10-42-20-223:24784:24784 [3] NCCL INFO Channel 11/0 : 11[3] -> 3[3] [send] via NET/Libfabric/1/GDRDMA
ip-10-42-20-223:24787:24787 [6] NCCL INFO Channel 07/0 : 14[6] -> 6[6] [send] via NET/Libfabric/4/GDRDMA
ip-10-42-20-111:24421:24421 [2] NCCL INFO Channel 05/0 : 10[2] -> 2[2] [receive] via NET/Libfabric/0/GDRDMA
ip-10-42-20-223:24785:24785 [4] NCCL INFO Channel 03/0 : 12[4] -> 4[4] [send] via NET/Libfabric/6/GDRDMA
ip-10-42-20-111:24425:24425 [6] NCCL INFO Channel 06/0 : 14[6] -> 6[6] [receive] via NET/Libfabric/4/GDRDMA
ip-10-42-20-223:24783:24783 [2] NCCL INFO Channel 05/0 : 10[2] -> 2[2] [send] via NET/Libfabric/0/GDRDMA
ip-10-42-20-111:24422:24422 [3] NCCL INFO Channel 06/0 : 11[3] -> 3[3] [receive] via NET/Libfabric/1/GDRDMA
ip-10-42-20-223:24781:24781 [0] NCCL INFO Channel 06/0 : 8[0] -> 0[0] [send] via NET/Libfabric/2/GDRDMA
ip-10-42-20-111:24423:24423 [4] NCCL INFO Channel 05/0 : 12[4] -> 4[4] [receive] via NET/Libfabric/6/GDRDMA
ip-10-42-20-223:24788:24788 [7] NCCL INFO Channel 11/0 : 15[7] -> 7[7] [send] via NET/Libfabric/5/GDRDMA
ip-10-42-20-111:24424:24424 [5] NCCL INFO Channel 04/0 : 13[5] -> 5[5] [receive] via NET/Libfabric/7/GDRDMA
ip-10-42-20-223:24784:24784 [3] NCCL INFO Channel 12/0 : 11[3] -> 3[3] [send] via NET/Libfabric/1/GDRDMA
ip-10-42-20-111:24419:24419 [0] NCCL INFO Channel 05/0 : 8[0] -> 0[0] [receive] via NET/Libfabric/2/GDRDMA
ip-10-42-20-223:24786:24786 [5] NCCL INFO Channel 03/0 : 13[5] -> 5[5] [send] via NET/Libfabric/7/GDRDMA
ip-10-42-20-223:24787:24787 [6] NCCL INFO Channel 08/0 : 14[6] -> 6[6] [send] via NET/Libfabric/4/GDRDMA
ip-10-42-20-223:24782:24782 [1] NCCL INFO Channel 04/0 : 9[1] -> 1[1] [send] via NET/Libfabric/3/GDRDMA
ip-10-42-20-223:24785:24785 [4] NCCL INFO Channel 04/0 : 12[4] -> 4[4] [send] via NET/Libfabric/6/GDRDMA
ip-10-42-20-111:24426:24426 [7] NCCL INFO Channel 06/0 : 15[7] -> 7[7] [receive] via NET/Libfabric/5/GDRDMA
ip-10-42-20-223:24788:24788 [7] NCCL INFO Channel 12/0 : 15[7] -> 7[7] [send] via NET/Libfabric/5/GDRDMA
ip-10-42-20-111:24420:24420 [1] NCCL INFO Channel 05/0 : 9[1] -> 1[1] [receive] via NET/Libfabric/3/GDRDMA
ip-10-42-20-223:24783:24783 [2] NCCL INFO Channel 06/0 : 10[2] -> 2[2] [send] via NET/Libfabric/0/GDRDMA
ip-10-42-20-223:24784:24784 [3] NCCL INFO Channel 13/0 : 11[3] -> 3[3] [send] via NET/Libfabric/1/GDRDMA
ip-10-42-20-223:24781:24781 [0] NCCL INFO Channel 07/0 : 8[0] -> 0[0] [send] via NET/Libfabric/2/GDRDMA
ip-10-42-20-223:24787:24787 [6] NCCL INFO Channel 09/0 : 14[6] -> 6[6] [send] via NET/Libfabric/4/GDRDMA
ip-10-42-20-223:24786:24786 [5] NCCL INFO Channel 04/0 : 13[5] -> 5[5] [send] via NET/Libfabric/7/GDRDMA
ip-10-42-20-223:24782:24782 [1] NCCL INFO Channel 05/0 : 9[1] -> 1[1] [send] via NET/Libfabric/3/GDRDMA
ip-10-42-20-111:24422:24422 [3] NCCL INFO Channel 07/0 : 11[3] -> 3[3] [receive] via NET/Libfabric/1/GDRDMA
ip-10-42-20-223:24788:24788 [7] NCCL INFO Channel 14/0 : 15[7] -> 7[7] [send] via NET/Libfabric/5/GDRDMA
ip-10-42-20-111:24423:24423 [4] NCCL INFO Channel 07/0 : 12[4] -> 4[4] [receive] via NET/Libfabric/6/GDRDMA
ip-10-42-20-223:24784:24784 [3] NCCL INFO Channel 14/0 : 11[3] -> 3[3] [send] via NET/Libfabric/1/GDRDMA
ip-10-42-20-111:24425:24425 [6] NCCL INFO Channel 07/0 : 14[6] -> 6[6] [receive] via NET/Libfabric/4/GDRDMA
ip-10-42-20-223:24785:24785 [4] NCCL INFO Channel 05/0 : 12[4] -> 4[4] [send] via NET/Libfabric/6/GDRDMA
ip-10-42-20-111:24421:24421 [2] NCCL INFO Channel 06/0 : 10[2] -> 2[2] [receive] via NET/Libfabric/0/GDRDMA
ip-10-42-20-223:24783:24783 [2] NCCL INFO Channel 07/0 : 10[2] -> 2[2] [send] via NET/Libfabric/0/GDRDMA
ip-10-42-20-111:24424:24424 [5] NCCL INFO Channel 05/0 : 13[5] -> 5[5] [receive] via NET/Libfabric/7/GDRDMA
ip-10-42-20-223:24781:24781 [0] NCCL INFO Channel 08/0 : 8[0] -> 0[0] [send] via NET/Libfabric/2/GDRDMA
ip-10-42-20-111:24419:24419 [0] NCCL INFO Channel 06/0 : 8[0] -> 0[0] [receive] via NET/Libfabric/2/GDRDMA
ip-10-42-20-223:24787:24787 [6] NCCL INFO Channel 10/0 : 14[6] -> 6[6] [send] via NET/Libfabric/4/GDRDMA
ip-10-42-20-111:24426:24426 [7] NCCL INFO Channel 07/0 : 15[7] -> 7[7] [receive] via NET/Libfabric/5/GDRDMA
ip-10-42-20-223:24788:24788 [7] NCCL INFO Channel 15/0 : 15[7] -> 7[7] [send] via NET/Libfabric/5/GDRDMA
ip-10-42-20-223:24784:24784 [3] NCCL INFO Channel 15/0 : 11[3] -> 3[3] [send] via NET/Libfabric/1/GDRDMA
ip-10-42-20-223:24786:24786 [5] NCCL INFO Channel 05/0 : 13[5] -> 5[5] [send] via NET/Libfabric/7/GDRDMA
ip-10-42-20-111:24420:24420 [1] NCCL INFO Channel 06/0 : 9[1] -> 1[1] [receive] via NET/Libfabric/3/GDRDMA
ip-10-42-20-223:24782:24782 [1] NCCL INFO Channel 06/0 : 9[1] -> 1[1] [send] via NET/Libfabric/3/GDRDMA
ip-10-42-20-111:24423:24423 [4] NCCL INFO Channel 08/0 : 12[4] -> 4[4] [receive] via NET/Libfabric/6/GDRDMA
ip-10-42-20-223:24785:24785 [4] NCCL INFO Channel 07/0 : 12[4] -> 4[4] [send] via NET/Libfabric/6/GDRDMA
ip-10-42-20-111:24422:24422 [3] NCCL INFO Channel 08/0 : 11[3] -> 3[3] [receive] via NET/Libfabric/1/GDRDMA
ip-10-42-20-223:24781:24781 [0] NCCL INFO Channel 09/0 : 8[0] -> 0[0] [send] via NET/Libfabric/2/GDRDMA
ip-10-42-20-111:24425:24425 [6] NCCL INFO Channel 08/0 : 14[6] -> 6[6] [receive] via NET/Libfabric/4/GDRDMA
ip-10-42-20-223:24783:24783 [2] NCCL INFO Channel 09/0 : 10[2] -> 2[2] [send] via NET/Libfabric/0/GDRDMA
ip-10-42-20-111:24421:24421 [2] NCCL INFO Channel 07/0 : 10[2] -> 2[2] [receive] via NET/Libfabric/0/GDRDMA
ip-10-42-20-223:24787:24787 [6] NCCL INFO Channel 11/0 : 14[6] -> 6[6] [send] via NET/Libfabric/4/GDRDMA
ip-10-42-20-111:24424:24424 [5] NCCL INFO Channel 06/0 : 13[5] -> 5[5] [receive] via NET/Libfabric/7/GDRDMA
ip-10-42-20-223:24786:24786 [5] NCCL INFO Channel 06/0 : 13[5] -> 5[5] [send] via NET/Libfabric/7/GDRDMA
ip-10-42-20-111:24419:24419 [0] NCCL INFO Channel 07/0 : 8[0] -> 0[0] [receive] via NET/Libfabric/2/GDRDMA
ip-10-42-20-223:24782:24782 [1] NCCL INFO Channel 07/0 : 9[1] -> 1[1] [send] via NET/Libfabric/3/GDRDMA
ip-10-42-20-223:24781:24781 [0] NCCL INFO Channel 11/0 : 8[0] -> 0[0] [send] via NET/Libfabric/2/GDRDMA
ip-10-42-20-223:24785:24785 [4] NCCL INFO Channel 08/0 : 12[4] -> 4[4] [send] via NET/Libfabric/6/GDRDMA
ip-10-42-20-223:24783:24783 [2] NCCL INFO Channel 10/0 : 10[2] -> 2[2] [send] via NET/Libfabric/0/GDRDMA
ip-10-42-20-111:24426:24426 [7] NCCL INFO Channel 08/0 : 15[7] -> 7[7] [receive] via NET/Libfabric/5/GDRDMA
ip-10-42-20-223:24787:24787 [6] NCCL INFO Channel 13/0 : 14[6] -> 6[6] [send] via NET/Libfabric/4/GDRDMA
ip-10-42-20-223:24786:24786 [5] NCCL INFO Channel 08/0 : 13[5] -> 5[5] [send] via NET/Libfabric/7/GDRDMA
ip-10-42-20-223:24782:24782 [1] NCCL INFO Channel 08/0 : 9[1] -> 1[1] [send] via NET/Libfabric/3/GDRDMA
ip-10-42-20-111:24422:24422 [3] NCCL INFO Channel 10/0 : 11[3] -> 3[3] [receive] via NET/Libfabric/1/GDRDMA
ip-10-42-20-111:24423:24423 [4] NCCL INFO Channel 09/0 : 12[4] -> 4[4] [receive] via NET/Libfabric/6/GDRDMA
ip-10-42-20-223:24787:24787 [6] NCCL INFO Channel 14/0 : 14[6] -> 6[6] [send] via NET/Libfabric/4/GDRDMA
ip-10-42-20-111:24425:24425 [6] NCCL INFO Channel 09/0 : 14[6] -> 6[6] [receive] via NET/Libfabric/4/GDRDMA
ip-10-42-20-223:24781:24781 [0] NCCL INFO Channel 12/0 : 8[0] -> 0[0] [send] via NET/Libfabric/2/GDRDMA
ip-10-42-20-111:24420:24420 [1] NCCL INFO Channel 07/0 : 9[1] -> 1[1] [receive] via NET/Libfabric/3/GDRDMA
ip-10-42-20-223:24785:24785 [4] NCCL INFO Channel 09/0 : 12[4] -> 4[4] [send] via NET/Libfabric/6/GDRDMA
ip-10-42-20-111:24421:24421 [2] NCCL INFO Channel 09/0 : 10[2] -> 2[2] [receive] via NET/Libfabric/0/GDRDMA
ip-10-42-20-223:24783:24783 [2] NCCL INFO Channel 11/0 : 10[2] -> 2[2] [send] via NET/Libfabric/0/GDRDMA
ip-10-42-20-111:24424:24424 [5] NCCL INFO Channel 08/0 : 13[5] -> 5[5] [receive] via NET/Libfabric/7/GDRDMA
ip-10-42-20-223:24786:24786 [5] NCCL INFO Channel 09/0 : 13[5] -> 5[5] [send] via NET/Libfabric/7/GDRDMA
ip-10-42-20-223:24782:24782 [1] NCCL INFO Channel 09/0 : 9[1] -> 1[1] [send] via NET/Libfabric/3/GDRDMA
ip-10-42-20-223:24787:24787 [6] NCCL INFO Channel 15/0 : 14[6] -> 6[6] [send] via NET/Libfabric/4/GDRDMA
ip-10-42-20-111:24419:24419 [0] NCCL INFO Channel 08/0 : 8[0] -> 0[0] [receive] via NET/Libfabric/2/GDRDMA
ip-10-42-20-111:24426:24426 [7] NCCL INFO Channel 09/0 : 15[7] -> 7[7] [receive] via NET/Libfabric/5/GDRDMA
ip-10-42-20-223:24781:24781 [0] NCCL INFO Channel 13/0 : 8[0] -> 0[0] [send] via NET/Libfabric/2/GDRDMA
ip-10-42-20-223:24785:24785 [4] NCCL INFO Channel 10/0 : 12[4] -> 4[4] [send] via NET/Libfabric/6/GDRDMA
ip-10-42-20-223:24783:24783 [2] NCCL INFO Channel 12/0 : 10[2] -> 2[2] [send] via NET/Libfabric/0/GDRDMA
ip-10-42-20-111:24422:24422 [3] NCCL INFO Channel 11/0 : 11[3] -> 3[3] [receive] via NET/Libfabric/1/GDRDMA
ip-10-42-20-111:24423:24423 [4] NCCL INFO Channel 10/0 : 12[4] -> 4[4] [receive] via NET/Libfabric/6/GDRDMA
ip-10-42-20-111:24425:24425 [6] NCCL INFO Channel 10/0 : 14[6] -> 6[6] [receive] via NET/Libfabric/4/GDRDMA
ip-10-42-20-223:24786:24786 [5] NCCL INFO Channel 10/0 : 13[5] -> 5[5] [send] via NET/Libfabric/7/GDRDMA
ip-10-42-20-223:24782:24782 [1] NCCL INFO Channel 10/0 : 9[1] -> 1[1] [send] via NET/Libfabric/3/GDRDMA
ip-10-42-20-223:24781:24781 [0] NCCL INFO Channel 14/0 : 8[0] -> 0[0] [send] via NET/Libfabric/2/GDRDMA
ip-10-42-20-111:24420:24420 [1] NCCL INFO Channel 08/0 : 9[1] -> 1[1] [receive] via NET/Libfabric/3/GDRDMA
ip-10-42-20-111:24421:24421 [2] NCCL INFO Channel 10/0 : 10[2] -> 2[2] [receive] via NET/Libfabric/0/GDRDMA
ip-10-42-20-111:24424:24424 [5] NCCL INFO Channel 09/0 : 13[5] -> 5[5] [receive] via NET/Libfabric/7/GDRDMA
ip-10-42-20-223:24785:24785 [4] NCCL INFO Channel 11/0 : 12[4] -> 4[4] [send] via NET/Libfabric/6/GDRDMA
ip-10-42-20-111:24419:24419 [0] NCCL INFO Channel 09/0 : 8[0] -> 0[0] [receive] via NET/Libfabric/2/GDRDMA
ip-10-42-20-223:24783:24783 [2] NCCL INFO Channel 13/0 : 10[2] -> 2[2] [send] via NET/Libfabric/0/GDRDMA
ip-10-42-20-111:24426:24426 [7] NCCL INFO Channel 10/0 : 15[7] -> 7[7] [receive] via NET/Libfabric/5/GDRDMA
ip-10-42-20-223:24786:24786 [5] NCCL INFO Channel 11/0 : 13[5] -> 5[5] [send] via NET/Libfabric/7/GDRDMA
ip-10-42-20-223:24782:24782 [1] NCCL INFO Channel 12/0 : 9[1] -> 1[1] [send] via NET/Libfabric/3/GDRDMA
ip-10-42-20-111:24422:24422 [3] NCCL INFO Channel 12/0 : 11[3] -> 3[3] [receive] via NET/Libfabric/1/GDRDMA
ip-10-42-20-223:24781:24781 [0] NCCL INFO Channel 15/0 : 8[0] -> 0[0] [send] via NET/Libfabric/2/GDRDMA
ip-10-42-20-111:24423:24423 [4] NCCL INFO Channel 11/0 : 12[4] -> 4[4] [receive] via NET/Libfabric/6/GDRDMA
ip-10-42-20-111:24425:24425 [6] NCCL INFO Channel 11/0 : 14[6] -> 6[6] [receive] via NET/Libfabric/4/GDRDMA
ip-10-42-20-223:24785:24785 [4] NCCL INFO Channel 12/0 : 12[4] -> 4[4] [send] via NET/Libfabric/6/GDRDMA
ip-10-42-20-223:24783:24783 [2] NCCL INFO Channel 14/0 : 10[2] -> 2[2] [send] via NET/Libfabric/0/GDRDMA
ip-10-42-20-223:24786:24786 [5] NCCL INFO Channel 12/0 : 13[5] -> 5[5] [send] via NET/Libfabric/7/GDRDMA
ip-10-42-20-111:24421:24421 [2] NCCL INFO Channel 11/0 : 10[2] -> 2[2] [receive] via NET/Libfabric/0/GDRDMA
ip-10-42-20-223:24782:24782 [1] NCCL INFO Channel 13/0 : 9[1] -> 1[1] [send] via NET/Libfabric/3/GDRDMA
ip-10-42-20-111:24424:24424 [5] NCCL INFO Channel 10/0 : 13[5] -> 5[5] [receive] via NET/Libfabric/7/GDRDMA
ip-10-42-20-111:24420:24420 [1] NCCL INFO Channel 09/0 : 9[1] -> 1[1] [receive] via NET/Libfabric/3/GDRDMA
ip-10-42-20-111:24426:24426 [7] NCCL INFO Channel 11/0 : 15[7] -> 7[7] [receive] via NET/Libfabric/5/GDRDMA
ip-10-42-20-111:24419:24419 [0] NCCL INFO Channel 11/0 : 8[0] -> 0[0] [receive] via NET/Libfabric/2/GDRDMA
ip-10-42-20-223:24785:24785 [4] NCCL INFO Channel 13/0 : 12[4] -> 4[4] [send] via NET/Libfabric/6/GDRDMA
ip-10-42-20-111:24423:24423 [4] NCCL INFO Channel 12/0 : 12[4] -> 4[4] [receive] via NET/Libfabric/6/GDRDMA
ip-10-42-20-111:24422:24422 [3] NCCL INFO Channel 13/0 : 11[3] -> 3[3] [receive] via NET/Libfabric/1/GDRDMA
ip-10-42-20-223:24783:24783 [2] NCCL INFO Channel 15/0 : 10[2] -> 2[2] [send] via NET/Libfabric/0/GDRDMA
ip-10-42-20-111:24425:24425 [6] NCCL INFO Channel 13/0 : 14[6] -> 6[6] [receive] via NET/Libfabric/4/GDRDMA
ip-10-42-20-223:24786:24786 [5] NCCL INFO Channel 13/0 : 13[5] -> 5[5] [send] via NET/Libfabric/7/GDRDMA
ip-10-42-20-223:24782:24782 [1] NCCL INFO Channel 14/0 : 9[1] -> 1[1] [send] via NET/Libfabric/3/GDRDMA
ip-10-42-20-223:24785:24785 [4] NCCL INFO Channel 15/0 : 12[4] -> 4[4] [send] via NET/Libfabric/6/GDRDMA
ip-10-42-20-111:24421:24421 [2] NCCL INFO Channel 12/0 : 10[2] -> 2[2] [receive] via NET/Libfabric/0/GDRDMA
ip-10-42-20-223:24786:24786 [5] NCCL INFO Channel 14/0 : 13[5] -> 5[5] [send] via NET/Libfabric/7/GDRDMA
ip-10-42-20-111:24424:24424 [5] NCCL INFO Channel 11/0 : 13[5] -> 5[5] [receive] via NET/Libfabric/7/GDRDMA
ip-10-42-20-223:24782:24782 [1] NCCL INFO Channel 15/0 : 9[1] -> 1[1] [send] via NET/Libfabric/3/GDRDMA
ip-10-42-20-111:24422:24422 [3] NCCL INFO Channel 14/0 : 11[3] -> 3[3] [receive] via NET/Libfabric/1/GDRDMA
ip-10-42-20-111:24423:24423 [4] NCCL INFO Channel 13/0 : 12[4] -> 4[4] [receive] via NET/Libfabric/6/GDRDMA
ip-10-42-20-111:24425:24425 [6] NCCL INFO Channel 14/0 : 14[6] -> 6[6] [receive] via NET/Libfabric/4/GDRDMA
ip-10-42-20-111:24426:24426 [7] NCCL INFO Channel 12/0 : 15[7] -> 7[7] [receive] via NET/Libfabric/5/GDRDMA
ip-10-42-20-111:24419:24419 [0] NCCL INFO Channel 12/0 : 8[0] -> 0[0] [receive] via NET/Libfabric/2/GDRDMA
ip-10-42-20-111:24420:24420 [1] NCCL INFO Channel 10/0 : 9[1] -> 1[1] [receive] via NET/Libfabric/3/GDRDMA
ip-10-42-20-111:24421:24421 [2] NCCL INFO Channel 13/0 : 10[2] -> 2[2] [receive] via NET/Libfabric/0/GDRDMA
ip-10-42-20-111:24424:24424 [5] NCCL INFO Channel 12/0 : 13[5] -> 5[5] [receive] via NET/Libfabric/7/GDRDMA
ip-10-42-20-111:24422:24422 [3] NCCL INFO Channel 15/0 : 11[3] -> 3[3] [receive] via NET/Libfabric/1/GDRDMA
ip-10-42-20-111:24423:24423 [4] NCCL INFO Channel 15/0 : 12[4] -> 4[4] [receive] via NET/Libfabric/6/GDRDMA
ip-10-42-20-111:24425:24425 [6] NCCL INFO Channel 15/0 : 14[6] -> 6[6] [receive] via NET/Libfabric/4/GDRDMA
ip-10-42-20-111:24426:24426 [7] NCCL INFO Channel 14/0 : 15[7] -> 7[7] [receive] via NET/Libfabric/5/GDRDMA
ip-10-42-20-111:24419:24419 [0] NCCL INFO Channel 13/0 : 8[0] -> 0[0] [receive] via NET/Libfabric/2/GDRDMA
ip-10-42-20-111:24420:24420 [1] NCCL INFO Channel 12/0 : 9[1] -> 1[1] [receive] via NET/Libfabric/3/GDRDMA
ip-10-42-20-111:24422:24422 [3] NCCL INFO Channel 02/0 : 3[3] -> 11[3] [send] via NET/Libfabric/1/GDRDMA
ip-10-42-20-111:24423:24423 [4] NCCL INFO Channel 00/0 : 4[4] -> 12[4] [send] via NET/Libfabric/6/GDRDMA
ip-10-42-20-111:24425:24425 [6] NCCL INFO Channel 00/0 : 6[6] -> 14[6] [send] via NET/Libfabric/4/GDRDMA
ip-10-42-20-111:24421:24421 [2] NCCL INFO Channel 14/0 : 10[2] -> 2[2] [receive] via NET/Libfabric/0/GDRDMA
ip-10-42-20-111:24424:24424 [5] NCCL INFO Channel 13/0 : 13[5] -> 5[5] [receive] via NET/Libfabric/7/GDRDMA
ip-10-42-20-111:24426:24426 [7] NCCL INFO Channel 15/0 : 15[7] -> 7[7] [receive] via NET/Libfabric/5/GDRDMA
ip-10-42-20-111:24423:24423 [4] NCCL INFO Channel 01/0 : 4[4] -> 12[4] [send] via NET/Libfabric/6/GDRDMA
ip-10-42-20-111:24425:24425 [6] NCCL INFO Channel 01/0 : 6[6] -> 14[6] [send] via NET/Libfabric/4/GDRDMA
ip-10-42-20-111:24419:24419 [0] NCCL INFO Channel 14/0 : 8[0] -> 0[0] [receive] via NET/Libfabric/2/GDRDMA
ip-10-42-20-111:24422:24422 [3] NCCL INFO Channel 03/0 : 3[3] -> 11[3] [send] via NET/Libfabric/1/GDRDMA
ip-10-42-20-111:24420:24420 [1] NCCL INFO Channel 13/0 : 9[1] -> 1[1] [receive] via NET/Libfabric/3/GDRDMA
ip-10-42-20-111:24426:24426 [7] NCCL INFO Channel 00/0 : 7[7] -> 15[7] [send] via NET/Libfabric/5/GDRDMA
ip-10-42-20-111:24421:24421 [2] NCCL INFO Channel 15/0 : 10[2] -> 2[2] [receive] via NET/Libfabric/0/GDRDMA
ip-10-42-20-111:24422:24422 [3] NCCL INFO Channel 04/0 : 3[3] -> 11[3] [send] via NET/Libfabric/1/GDRDMA
ip-10-42-20-111:24423:24423 [4] NCCL INFO Channel 02/0 : 4[4] -> 12[4] [send] via NET/Libfabric/6/GDRDMA
ip-10-42-20-111:24424:24424 [5] NCCL INFO Channel 14/0 : 13[5] -> 5[5] [receive] via NET/Libfabric/7/GDRDMA
ip-10-42-20-111:24425:24425 [6] NCCL INFO Channel 02/0 : 6[6] -> 14[6] [send] via NET/Libfabric/4/GDRDMA
ip-10-42-20-111:24426:24426 [7] NCCL INFO Channel 01/0 : 7[7] -> 15[7] [send] via NET/Libfabric/5/GDRDMA
ip-10-42-20-111:24420:24420 [1] NCCL INFO Channel 14/0 : 9[1] -> 1[1] [receive] via NET/Libfabric/3/GDRDMA
ip-10-42-20-111:24422:24422 [3] NCCL INFO Channel 05/0 : 3[3] -> 11[3] [send] via NET/Libfabric/1/GDRDMA
ip-10-42-20-111:24423:24423 [4] NCCL INFO Channel 03/0 : 4[4] -> 12[4] [send] via NET/Libfabric/6/GDRDMA
ip-10-42-20-111:24419:24419 [0] NCCL INFO Channel 15/0 : 8[0] -> 0[0] [receive] via NET/Libfabric/2/GDRDMA
ip-10-42-20-111:24421:24421 [2] NCCL INFO Channel 02/0 : 2[2] -> 10[2] [send] via NET/Libfabric/0/GDRDMA
ip-10-42-20-111:24424:24424 [5] NCCL INFO Channel 00/0 : 5[5] -> 13[5] [send] via NET/Libfabric/7/GDRDMA
ip-10-42-20-111:24425:24425 [6] NCCL INFO Channel 03/0 : 6[6] -> 14[6] [send] via NET/Libfabric/4/GDRDMA
ip-10-42-20-111:24426:24426 [7] NCCL INFO Channel 02/0 : 7[7] -> 15[7] [send] via NET/Libfabric/5/GDRDMA
ip-10-42-20-111:24422:24422 [3] NCCL INFO Channel 06/0 : 3[3] -> 11[3] [send] via NET/Libfabric/1/GDRDMA
ip-10-42-20-111:24423:24423 [4] NCCL INFO Channel 04/0 : 4[4] -> 12[4] [send] via NET/Libfabric/6/GDRDMA
ip-10-42-20-111:24425:24425 [6] NCCL INFO Channel 06/0 : 6[6] -> 14[6] [send] via NET/Libfabric/4/GDRDMA
ip-10-42-20-111:24421:24421 [2] NCCL INFO Channel 03/0 : 2[2] -> 10[2] [send] via NET/Libfabric/0/GDRDMA
ip-10-42-20-111:24419:24419 [0] NCCL INFO Channel 00/0 : 0[0] -> 8[0] [send] via NET/Libfabric/2/GDRDMA
ip-10-42-20-111:24424:24424 [5] NCCL INFO Channel 01/0 : 5[5] -> 13[5] [send] via NET/Libfabric/7/GDRDMA
ip-10-42-20-111:24426:24426 [7] NCCL INFO Channel 03/0 : 7[7] -> 15[7] [send] via NET/Libfabric/5/GDRDMA
ip-10-42-20-111:24420:24420 [1] NCCL INFO Channel 15/0 : 9[1] -> 1[1] [receive] via NET/Libfabric/3/GDRDMA
ip-10-42-20-111:24422:24422 [3] NCCL INFO Channel 07/0 : 3[3] -> 11[3] [send] via NET/Libfabric/1/GDRDMA
ip-10-42-20-111:24423:24423 [4] NCCL INFO Channel 05/0 : 4[4] -> 12[4] [send] via NET/Libfabric/6/GDRDMA
ip-10-42-20-111:24425:24425 [6] NCCL INFO Channel 07/0 : 6[6] -> 14[6] [send] via NET/Libfabric/4/GDRDMA
ip-10-42-20-111:24421:24421 [2] NCCL INFO Channel 04/0 : 2[2] -> 10[2] [send] via NET/Libfabric/0/GDRDMA
ip-10-42-20-111:24424:24424 [5] NCCL INFO Channel 02/0 : 5[5] -> 13[5] [send] via NET/Libfabric/7/GDRDMA
ip-10-42-20-111:24426:24426 [7] NCCL INFO Channel 06/0 : 7[7] -> 15[7] [send] via NET/Libfabric/5/GDRDMA
ip-10-42-20-111:24419:24419 [0] NCCL INFO Channel 01/0 : 0[0] -> 8[0] [send] via NET/Libfabric/2/GDRDMA
ip-10-42-20-111:24422:24422 [3] NCCL INFO Channel 10/0 : 3[3] -> 11[3] [send] via NET/Libfabric/1/GDRDMA
ip-10-42-20-111:24423:24423 [4] NCCL INFO Channel 08/0 : 4[4] -> 12[4] [send] via NET/Libfabric/6/GDRDMA
ip-10-42-20-111:24420:24420 [1] NCCL INFO Channel 00/0 : 1[1] -> 9[1] [send] via NET/Libfabric/3/GDRDMA
ip-10-42-20-111:24425:24425 [6] NCCL INFO Channel 08/0 : 6[6] -> 14[6] [send] via NET/Libfabric/4/GDRDMA
ip-10-42-20-111:24424:24424 [5] NCCL INFO Channel 03/0 : 5[5] -> 13[5] [send] via NET/Libfabric/7/GDRDMA
ip-10-42-20-111:24421:24421 [2] NCCL INFO Channel 05/0 : 2[2] -> 10[2] [send] via NET/Libfabric/0/GDRDMA
ip-10-42-20-111:24426:24426 [7] NCCL INFO Channel 07/0 : 7[7] -> 15[7] [send] via NET/Libfabric/5/GDRDMA
ip-10-42-20-111:24419:24419 [0] NCCL INFO Channel 04/0 : 0[0] -> 8[0] [send] via NET/Libfabric/2/GDRDMA
ip-10-42-20-111:24422:24422 [3] NCCL INFO Channel 11/0 : 3[3] -> 11[3] [send] via NET/Libfabric/1/GDRDMA
ip-10-42-20-111:24423:24423 [4] NCCL INFO Channel 09/0 : 4[4] -> 12[4] [send] via NET/Libfabric/6/GDRDMA
ip-10-42-20-111:24425:24425 [6] NCCL INFO Channel 09/0 : 6[6] -> 14[6] [send] via NET/Libfabric/4/GDRDMA
ip-10-42-20-111:24420:24420 [1] NCCL INFO Channel 01/0 : 1[1] -> 9[1] [send] via NET/Libfabric/3/GDRDMA
ip-10-42-20-111:24421:24421 [2] NCCL INFO Channel 06/0 : 2[2] -> 10[2] [send] via NET/Libfabric/0/GDRDMA
ip-10-42-20-111:24424:24424 [5] NCCL INFO Channel 04/0 : 5[5] -> 13[5] [send] via NET/Libfabric/7/GDRDMA
ip-10-42-20-111:24426:24426 [7] NCCL INFO Channel 08/0 : 7[7] -> 15[7] [send] via NET/Libfabric/5/GDRDMA
ip-10-42-20-111:24422:24422 [3] NCCL INFO Channel 12/0 : 3[3] -> 11[3] [send] via NET/Libfabric/1/GDRDMA
ip-10-42-20-111:24423:24423 [4] NCCL INFO Channel 10/0 : 4[4] -> 12[4] [send] via NET/Libfabric/6/GDRDMA
ip-10-42-20-111:24425:24425 [6] NCCL INFO Channel 10/0 : 6[6] -> 14[6] [send] via NET/Libfabric/4/GDRDMA
ip-10-42-20-111:24419:24419 [0] NCCL INFO Channel 05/0 : 0[0] -> 8[0] [send] via NET/Libfabric/2/GDRDMA
ip-10-42-20-111:24420:24420 [1] NCCL INFO Channel 04/0 : 1[1] -> 9[1] [send] via NET/Libfabric/3/GDRDMA
ip-10-42-20-111:24422:24422 [3] NCCL INFO Channel 13/0 : 3[3] -> 11[3] [send] via NET/Libfabric/1/GDRDMA
ip-10-42-20-111:24421:24421 [2] NCCL INFO Channel 07/0 : 2[2] -> 10[2] [send] via NET/Libfabric/0/GDRDMA
ip-10-42-20-111:24424:24424 [5] NCCL INFO Channel 05/0 : 5[5] -> 13[5] [send] via NET/Libfabric/7/GDRDMA
ip-10-42-20-111:24426:24426 [7] NCCL INFO Channel 09/0 : 7[7] -> 15[7] [send] via NET/Libfabric/5/GDRDMA
ip-10-42-20-111:24423:24423 [4] NCCL INFO Channel 11/0 : 4[4] -> 12[4] [send] via NET/Libfabric/6/GDRDMA
ip-10-42-20-111:24425:24425 [6] NCCL INFO Channel 11/0 : 6[6] -> 14[6] [send] via NET/Libfabric/4/GDRDMA
ip-10-42-20-111:24419:24419 [0] NCCL INFO Channel 06/0 : 0[0] -> 8[0] [send] via NET/Libfabric/2/GDRDMA
ip-10-42-20-111:24420:24420 [1] NCCL INFO Channel 05/0 : 1[1] -> 9[1] [send] via NET/Libfabric/3/GDRDMA
ip-10-42-20-111:24422:24422 [3] NCCL INFO Channel 14/0 : 3[3] -> 11[3] [send] via NET/Libfabric/1/GDRDMA
ip-10-42-20-111:24421:24421 [2] NCCL INFO Channel 10/0 : 2[2] -> 10[2] [send] via NET/Libfabric/0/GDRDMA
ip-10-42-20-111:24423:24423 [4] NCCL INFO Channel 12/0 : 4[4] -> 12[4] [send] via NET/Libfabric/6/GDRDMA
ip-10-42-20-111:24424:24424 [5] NCCL INFO Channel 08/0 : 5[5] -> 13[5] [send] via NET/Libfabric/7/GDRDMA
ip-10-42-20-111:24425:24425 [6] NCCL INFO Channel 14/0 : 6[6] -> 14[6] [send] via NET/Libfabric/4/GDRDMA
ip-10-42-20-111:24426:24426 [7] NCCL INFO Channel 10/0 : 7[7] -> 15[7] [send] via NET/Libfabric/5/GDRDMA
ip-10-42-20-111:24419:24419 [0] NCCL INFO Channel 07/0 : 0[0] -> 8[0] [send] via NET/Libfabric/2/GDRDMA
ip-10-42-20-111:24422:24422 [3] NCCL INFO Channel 15/0 : 3[3] -> 11[3] [send] via NET/Libfabric/1/GDRDMA
ip-10-42-20-111:24420:24420 [1] NCCL INFO Channel 06/0 : 1[1] -> 9[1] [send] via NET/Libfabric/3/GDRDMA
ip-10-42-20-111:24423:24423 [4] NCCL INFO Channel 13/0 : 4[4] -> 12[4] [send] via NET/Libfabric/6/GDRDMA
ip-10-42-20-111:24425:24425 [6] NCCL INFO Channel 15/0 : 6[6] -> 14[6] [send] via NET/Libfabric/4/GDRDMA
ip-10-42-20-111:24426:24426 [7] NCCL INFO Channel 11/0 : 7[7] -> 15[7] [send] via NET/Libfabric/5/GDRDMA
ip-10-42-20-111:24421:24421 [2] NCCL INFO Channel 11/0 : 2[2] -> 10[2] [send] via NET/Libfabric/0/GDRDMA
ip-10-42-20-111:24424:24424 [5] NCCL INFO Channel 09/0 : 5[5] -> 13[5] [send] via NET/Libfabric/7/GDRDMA
ip-10-42-20-111:24419:24419 [0] NCCL INFO Channel 08/0 : 0[0] -> 8[0] [send] via NET/Libfabric/2/GDRDMA
ip-10-42-20-111:24420:24420 [1] NCCL INFO Channel 07/0 : 1[1] -> 9[1] [send] via NET/Libfabric/3/GDRDMA
ip-10-42-20-111:24426:24426 [7] NCCL INFO Channel 14/0 : 7[7] -> 15[7] [send] via NET/Libfabric/5/GDRDMA
ip-10-42-20-111:24424:24424 [5] NCCL INFO Channel 10/0 : 5[5] -> 13[5] [send] via NET/Libfabric/7/GDRDMA
ip-10-42-20-111:24419:24419 [0] NCCL INFO Channel 09/0 : 0[0] -> 8[0] [send] via NET/Libfabric/2/GDRDMA
ip-10-42-20-111:24421:24421 [2] NCCL INFO Channel 12/0 : 2[2] -> 10[2] [send] via NET/Libfabric/0/GDRDMA
ip-10-42-20-111:24420:24420 [1] NCCL INFO Channel 08/0 : 1[1] -> 9[1] [send] via NET/Libfabric/3/GDRDMA
ip-10-42-20-111:24426:24426 [7] NCCL INFO Channel 15/0 : 7[7] -> 15[7] [send] via NET/Libfabric/5/GDRDMA
ip-10-42-20-111:24421:24421 [2] NCCL INFO Channel 13/0 : 2[2] -> 10[2] [send] via NET/Libfabric/0/GDRDMA
ip-10-42-20-111:24424:24424 [5] NCCL INFO Channel 11/0 : 5[5] -> 13[5] [send] via NET/Libfabric/7/GDRDMA
ip-10-42-20-111:24419:24419 [0] NCCL INFO Channel 12/0 : 0[0] -> 8[0] [send] via NET/Libfabric/2/GDRDMA
ip-10-42-20-111:24420:24420 [1] NCCL INFO Channel 09/0 : 1[1] -> 9[1] [send] via NET/Libfabric/3/GDRDMA
ip-10-42-20-111:24421:24421 [2] NCCL INFO Channel 14/0 : 2[2] -> 10[2] [send] via NET/Libfabric/0/GDRDMA
ip-10-42-20-111:24424:24424 [5] NCCL INFO Channel 12/0 : 5[5] -> 13[5] [send] via NET/Libfabric/7/GDRDMA
ip-10-42-20-111:24419:24419 [0] NCCL INFO Channel 13/0 : 0[0] -> 8[0] [send] via NET/Libfabric/2/GDRDMA
ip-10-42-20-111:24420:24420 [1] NCCL INFO Channel 12/0 : 1[1] -> 9[1] [send] via NET/Libfabric/3/GDRDMA
ip-10-42-20-111:24421:24421 [2] NCCL INFO Channel 15/0 : 2[2] -> 10[2] [send] via NET/Libfabric/0/GDRDMA
ip-10-42-20-111:24424:24424 [5] NCCL INFO Channel 13/0 : 5[5] -> 13[5] [send] via NET/Libfabric/7/GDRDMA
ip-10-42-20-111:24419:24419 [0] NCCL INFO Channel 14/0 : 0[0] -> 8[0] [send] via NET/Libfabric/2/GDRDMA
ip-10-42-20-111:24420:24420 [1] NCCL INFO Channel 13/0 : 1[1] -> 9[1] [send] via NET/Libfabric/3/GDRDMA
ip-10-42-20-111:24419:24419 [0] NCCL INFO Channel 15/0 : 0[0] -> 8[0] [send] via NET/Libfabric/2/GDRDMA
ip-10-42-20-111:24420:24420 [1] NCCL INFO Channel 14/0 : 1[1] -> 9[1] [send] via NET/Libfabric/3/GDRDMA
ip-10-42-20-111:24420:24420 [1] NCCL INFO Channel 15/0 : 1[1] -> 9[1] [send] via NET/Libfabric/3/GDRDMA
ip-10-42-20-111:24425:24425 [6] NCCL INFO Connected NVLS tree
ip-10-42-20-111:24425:24425 [6] NCCL INFO NCCL_NVLSTREE_MAX_CHUNKSIZE set by environment to 524288.
ip-10-42-20-223:24787:24787 [6] NCCL INFO Connected NVLS tree
ip-10-42-20-223:24787:24787 [6] NCCL INFO NCCL_NVLSTREE_MAX_CHUNKSIZE set by environment to 524288.
ip-10-42-20-223:24786:24786 [5] NCCL INFO Connected NVLS tree
ip-10-42-20-223:24786:24786 [5] NCCL INFO NCCL_NVLSTREE_MAX_CHUNKSIZE set by environment to 524288.
ip-10-42-20-223:24788:24788 [7] NCCL INFO Connected NVLS tree
ip-10-42-20-223:24788:24788 [7] NCCL INFO NCCL_NVLSTREE_MAX_CHUNKSIZE set by environment to 524288.
ip-10-42-20-111:24426:24426 [7] NCCL INFO Connected NVLS tree
ip-10-42-20-111:24426:24426 [7] NCCL INFO NCCL_NVLSTREE_MAX_CHUNKSIZE set by environment to 524288.
ip-10-42-20-111:24424:24424 [5] NCCL INFO Connected NVLS tree
ip-10-42-20-111:24424:24424 [5] NCCL INFO NCCL_NVLSTREE_MAX_CHUNKSIZE set by environment to 524288.
ip-10-42-20-223:24782:24782 [1] NCCL INFO Connected NVLS tree
ip-10-42-20-223:24782:24782 [1] NCCL INFO NCCL_NVLSTREE_MAX_CHUNKSIZE set by environment to 524288.
ip-10-42-20-111:24420:24420 [1] NCCL INFO Connected NVLS tree
ip-10-42-20-111:24420:24420 [1] NCCL INFO NCCL_NVLSTREE_MAX_CHUNKSIZE set by environment to 524288.
ip-10-42-20-223:24784:24784 [3] NCCL INFO Connected NVLS tree
ip-10-42-20-223:24784:24784 [3] NCCL INFO NCCL_NVLSTREE_MAX_CHUNKSIZE set by environment to 524288.
ip-10-42-20-111:24422:24422 [3] NCCL INFO Connected NVLS tree
ip-10-42-20-111:24422:24422 [3] NCCL INFO NCCL_NVLSTREE_MAX_CHUNKSIZE set by environment to 524288.
ip-10-42-20-111:24419:24419 [0] NCCL INFO Connected NVLS tree
ip-10-42-20-111:24419:24419 [0] NCCL INFO NCCL_NVLSTREE_MAX_CHUNKSIZE set by environment to 524288.
ip-10-42-20-223:24781:24781 [0] NCCL INFO Connected NVLS tree
ip-10-42-20-223:24781:24781 [0] NCCL INFO NCCL_NVLSTREE_MAX_CHUNKSIZE set by environment to 524288.
ip-10-42-20-111:24421:24421 [2] NCCL INFO Connected NVLS tree
ip-10-42-20-111:24421:24421 [2] NCCL INFO NCCL_NVLSTREE_MAX_CHUNKSIZE set by environment to 524288.
ip-10-42-20-223:24783:24783 [2] NCCL INFO Connected NVLS tree
ip-10-42-20-223:24783:24783 [2] NCCL INFO NCCL_NVLSTREE_MAX_CHUNKSIZE set by environment to 524288.
ip-10-42-20-223:24785:24785 [4] NCCL INFO Connected NVLS tree
ip-10-42-20-223:24785:24785 [4] NCCL INFO NCCL_NVLSTREE_MAX_CHUNKSIZE set by environment to 524288.
ip-10-42-20-111:24423:24423 [4] NCCL INFO Connected NVLS tree
ip-10-42-20-111:24423:24423 [4] NCCL INFO NCCL_NVLSTREE_MAX_CHUNKSIZE set by environment to 524288.
           8             2     float     sum      -1   305.44    0.00    0.00       0    52.39    0.00    0.00       0
          16             4     float     sum      -1    51.33    0.00    0.00       0    51.85    0.00    0.00       0
          32             8     float     sum      -1    52.62    0.00    0.00       0    47.77    0.00    0.00       0
          64            16     float     sum      -1    47.47    0.00    0.00       0    48.72    0.00    0.00       0
         128            32     float     sum      -1    53.34    0.00    0.00       0    48.63    0.00    0.00       0
         256            64     float     sum      -1    77.25    0.00    0.01       0    49.00    0.01    0.01       0
         512           128     float     sum      -1    52.10    0.01    0.02       0    60.01    0.01    0.02       0
        1024           256     float     sum      -1    49.48    0.02    0.04       0    58.77    0.02    0.03       0
        2048           512     float     sum      -1    52.82    0.04    0.07       0    52.83    0.04    0.07       0
        4096          1024     float     sum      -1    62.31    0.07    0.12       0    63.13    0.06    0.12       0
        8192          2048     float     sum      -1    69.45    0.12    0.22       0    65.92    0.12    0.23       0
       16384          4096     float     sum      -1    71.47    0.23    0.43       0    69.61    0.24    0.44       0
       32768          8192     float     sum      -1    72.16    0.45    0.85       0    78.15    0.42    0.79       0
       65536         16384     float     sum      -1    74.02    0.89    1.66       0    71.32    0.92    1.72       0
      131072         32768     float     sum      -1    73.89    1.77    3.33       0    74.42    1.76    3.30       0
      262144         65536     float     sum      -1    77.93    3.36    6.31       0    77.21    3.40    6.37       0
      524288        131072     float     sum      -1    83.64    6.27   11.75       0    88.64    5.92   11.09       0
     1048576        262144     float     sum      -1    92.60   11.32   21.23       0    92.50   11.34   21.25       0
     2097152        524288     float     sum      -1   113.02   18.56   34.79       0   114.09   18.38   34.47       0
     4194304       1048576     float     sum      -1   131.55   31.88   59.78       0   129.74   32.33   60.62       0
     8388608       2097152     float     sum      -1   176.16   47.62   89.28       0   167.69   50.02   93.79       0
    16777216       4194304     float     sum      -1   321.32   52.21   97.90       0   319.41   52.53   98.49       0
    33554432       8388608     float     sum      -1   399.64   83.96  157.43       0   398.29   84.25  157.96       0
    67108864      16777216     float     sum      -1   577.55  116.20  217.87       0   532.33  126.07  236.37       0
   134217728      33554432     float     sum      -1   803.34  167.07  313.26       0   802.38  167.27  313.64       0
   268435456      67108864     float     sum      -1  1328.04  202.13  378.99       0  1375.35  195.18  365.96       0
   536870912     134217728     float     sum      -1  2509.57  213.93  401.12       0  2513.17  213.62  400.54       0
  1073741824     268435456     float     sum      -1  4560.02  235.47  441.50       0  4568.47  235.03  440.69       0
  2147483648     536870912     float     sum      -1  9029.53  237.83  445.93       0  9018.84  238.11  446.46       0
  4294967296    1073741824     float     sum      -1  17304.2  248.20  465.38       0  17298.4  248.29  465.54       0
  8589934592    2147483648     float     sum      -1  33639.0  255.36  478.79       0  33649.1  255.28  478.65       0
 17179869184    4294967296     float     sum      -1  66496.6  258.36  484.42       0  66345.0  258.95  485.53       0
ip-10-42-20-111:24422:24422 [3] NCCL INFO TUNER/Plugin: Closing tuner: 'nccl_ofi_tuner'
ip-10-42-20-223:24784:24784 [3] NCCL INFO TUNER/Plugin: Closing tuner: 'nccl_ofi_tuner'
ip-10-42-20-111:24419:24419 [0] NCCL INFO TUNER/Plugin: Closing tuner: 'nccl_ofi_tuner'
ip-10-42-20-223:24781:24781 [0] NCCL INFO TUNER/Plugin: Closing tuner: 'nccl_ofi_tuner'
ip-10-42-20-111:24420:24420 [1] NCCL INFO TUNER/Plugin: Closing tuner: 'nccl_ofi_tuner'
ip-10-42-20-223:24785:24785 [4] NCCL INFO TUNER/Plugin: Closing tuner: 'nccl_ofi_tuner'
ip-10-42-20-111:24421:24421 [2] NCCL INFO TUNER/Plugin: Closing tuner: 'nccl_ofi_tuner'
ip-10-42-20-223:24787:24787 [6] NCCL INFO TUNER/Plugin: Closing tuner: 'nccl_ofi_tuner'
ip-10-42-20-111:24426:24426 [7] NCCL INFO TUNER/Plugin: Closing tuner: 'nccl_ofi_tuner'
ip-10-42-20-223:24788:24788 [7] NCCL INFO TUNER/Plugin: Closing tuner: 'nccl_ofi_tuner'
ip-10-42-20-111:24423:24423 [4] NCCL INFO TUNER/Plugin: Closing tuner: 'nccl_ofi_tuner'
ip-10-42-20-223:24786:24786 [5] NCCL INFO TUNER/Plugin: Closing tuner: 'nccl_ofi_tuner'
ip-10-42-20-111:24424:24424 [5] NCCL INFO TUNER/Plugin: Closing tuner: 'nccl_ofi_tuner'
ip-10-42-20-223:24783:24783 [2] NCCL INFO TUNER/Plugin: Closing tuner: 'nccl_ofi_tuner'
ip-10-42-20-111:24425:24425 [6] NCCL INFO TUNER/Plugin: Closing tuner: 'nccl_ofi_tuner'
ip-10-42-20-223:24782:24782 [1] NCCL INFO TUNER/Plugin: Closing tuner: 'nccl_ofi_tuner'
ip-10-42-20-111:24419:24419 [0] NCCL INFO comm 0x58ab24c11790 rank 0 nranks 16 cudaDev 0 busId 53000 - Destroy COMPLETE
ip-10-42-20-111:24419:24419 [0] NCCL INFO Unloading plugin libnccl-net.so
ip-10-42-20-223:24788:24788 [7] NCCL INFO comm 0x5ee4982d4ec0 rank 15 nranks 16 cudaDev 7 busId ca000 - Destroy COMPLETE
ip-10-42-20-223:24788:24788 [7] NCCL INFO Unloading plugin libnccl-net.so
# Out of bounds values : 0 OK
# Avg bus bandwidth    : 128.698 
#
# Collective test concluded: all_reduce_perf
#
ip-10-42-20-111:24421:24421 [2] NCCL INFO comm 0x573e9f9c5840 rank 2 nranks 16 cudaDev 2 busId 75000 - Destroy COMPLETE
ip-10-42-20-111:24421:24421 [2] NCCL INFO Unloading plugin libnccl-net.so
ip-10-42-20-223:24783:24783 [2] NCCL INFO comm 0x5ff7201cf420 rank 10 nranks 16 cudaDev 2 busId 75000 - Destroy COMPLETE
ip-10-42-20-223:24783:24783 [2] NCCL INFO Unloading plugin libnccl-net.so
ip-10-42-20-111:24420:24420 [1] NCCL INFO comm 0x595bf798c2a0 rank 1 nranks 16 cudaDev 1 busId 64000 - Destroy COMPLETE
ip-10-42-20-111:24420:24420 [1] NCCL INFO Unloading plugin libnccl-net.so
ip-10-42-20-111:24422:24422 [3] NCCL INFO comm 0x56dfcf0c9080 rank 3 nranks 16 cudaDev 3 busId 86000 - Destroy COMPLETE
ip-10-42-20-111:24422:24422 [3] NCCL INFO Unloading plugin libnccl-net.so
ip-10-42-20-223:24784:24784 [3] NCCL INFO comm 0x58735d1e3930 rank 11 nranks 16 cudaDev 3 busId 86000 - Destroy COMPLETE
ip-10-42-20-223:24784:24784 [3] NCCL INFO Unloading plugin libnccl-net.so
ip-10-42-20-111:24424:24424 [5] NCCL INFO comm 0x60a3825ea9e0 rank 5 nranks 16 cudaDev 5 busId a8000 - Destroy COMPLETE
ip-10-42-20-111:24424:24424 [5] NCCL INFO Unloading plugin libnccl-net.so
ip-10-42-20-223:24786:24786 [5] NCCL INFO comm 0x5f8a1f73e2c0 rank 13 nranks 16 cudaDev 5 busId a8000 - Destroy COMPLETE
ip-10-42-20-223:24786:24786 [5] NCCL INFO Unloading plugin libnccl-net.so
ip-10-42-20-223:24781:24781 [0] NCCL INFO comm 0x5cae3f366420 rank 8 nranks 16 cudaDev 0 busId 53000 - Destroy COMPLETE
ip-10-42-20-223:24781:24781 [0] NCCL INFO Unloading plugin libnccl-net.so
ip-10-42-20-223:24782:24782 [1] NCCL INFO comm 0x5b76f1f16db0 rank 9 nranks 16 cudaDev 1 busId 64000 - Destroy COMPLETE
ip-10-42-20-223:24782:24782 [1] NCCL INFO Unloading plugin libnccl-net.so
ip-10-42-20-223:24787:24787 [6] NCCL INFO comm 0x5609fed7d3f0 rank 14 nranks 16 cudaDev 6 busId b9000 - Destroy COMPLETE
ip-10-42-20-223:24787:24787 [6] NCCL INFO Unloading plugin libnccl-net.so
ip-10-42-20-111:24423:24423 [4] NCCL INFO comm 0x5bac08119cd0 rank 4 nranks 16 cudaDev 4 busId 97000 - Destroy COMPLETE
ip-10-42-20-111:24423:24423 [4] NCCL INFO Unloading plugin libnccl-net.so
ip-10-42-20-111:24426:24426 [7] NCCL INFO comm 0x5ef147ebaaf0 rank 7 nranks 16 cudaDev 7 busId ca000 - Destroy COMPLETE
ip-10-42-20-111:24426:24426 [7] NCCL INFO Unloading plugin libnccl-net.so
ip-10-42-20-111:24425:24425 [6] NCCL INFO comm 0x56240648a390 rank 6 nranks 16 cudaDev 6 busId b9000 - Destroy COMPLETE
ip-10-42-20-111:24425:24425 [6] NCCL INFO Unloading plugin libnccl-net.so
ip-10-42-20-223:24785:24785 [4] NCCL INFO comm 0x61dba2493d70 rank 12 nranks 16 cudaDev 4 busId 97000 - Destroy COMPLETE
ip-10-42-20-223:24785:24785 [4] NCCL INFO Unloading plugin libnccl-net.so

